conversation_id_str,created_at,favorite_count,full_text,id_str,image_url,in_reply_to_screen_name,lang,location,quote_count,reply_count,retweet_count,tweet_url,user_id_str,username,jml_emoji,jml_link,jml_mention,cleaned_text,jml_kata,normalized_text,label,is_correct
1916603881544667371,Sun Apr 27 21:22:28 +0000 2025,1,"🏖️ Spain Increases Tourist Taxes to Combat Overtourism

Spain joins countries like Mexico, Japan, and France in significantly increasing tourist taxes to address overtourism and promote sustainable travel.  

🔗 https://t.co/5qePofeecb

#Spain #Tourism #SustainableTravel",1916603881544667371,,,en,,0,0,1,,9.842414140651766e+17,,2,1,0,"Spanyol meningkatkan pajak wisatawan untuk memerangi overtourism Spanyol bergabung dengan negara-negara seperti Meksiko, Jepang dan Perancis dalam meningkatkan pajak wisatawan secara signifikan untuk mengatasi overtourism dan mempromosikan perjalanan berkelanjutan",27,"Spanyol meningkatkan pajak wisatawan untuk memerangi overtourism Spanyol bergabung dengan negara-negara seperti Meksiko, Jepang dan Perancis dalam meningkatkan pajak wisatawan secara signifikan untuk mengatasi overtourism dan mempromosikan perjalanan berkelanjutan","Overtourism & Keramaian, Regulasi & Kebijakan",True
1892850401701220655,Fri Feb 21 08:14:37 +0000 2025,4,Tourist slams 'rude' Singapore cabby who changes tone when she says she's from Japan https://t.co/comw2SOb2k,1892850401701220655,,,en,,1,3,3,,37890902.0,,0,1,0,turis membanting taksi kasar Singapura yang berubah nada ketika dia mengatakan dia dari Jepang,14,turis membanting taksi kasar Singapura yang berubah nada ketika dia mengatakan dia dari Jepang,"Pelanggaran Etika & Perilaku, Regulasi & Kebijakan",True
56754477176332288,Sat Apr 09 16:24:56 +0000 2011,0,Gunung Fuji di Jepang menjadi salah satu gunung terkotor di dunia akibat sampah turis yang dibuang sembarangan.,56754477176332288,,,in,,0,0,0,,74447002.0,,0,0,0,gunung fuji di jepang menjadi salah satu gunung terkotor di dunia akibat sampah turis yang dibuang sembarangan,17,gunung fuji di jepang menjadi salah satu gunung terkotor di dunia akibat sampah turis yang dibuang sembarangan,Pelanggaran Etika & Perilaku,True
1906271010359480664,Sun Mar 30 09:03:20 +0000 2025,8,"Seems to me that some of the weird far left cultists that threatened to move to Japan after Trump won the election have made good on the threat.

Everyday recently I see freaky looking, somewhat unhinged foreigners, and a lot of the ones who aren't overtly freaky are walking",1906271010359480664,,,en,,0,4,1,,2183735976.0,,0,0,0,"Menurut saya, beberapa pemuja ekstrim kiri yang mengancam akan pindah ke Jepang setelah Trump memenangkan pemilu telah memanfaatkan ancaman tersebut setiap hari. Akhir-akhir ini saya melihat orang asing yang terlihat aneh dan tidak tega dan banyak dari mereka yang tidak terlalu aneh sedang berjalan",49,"Menurut saya, beberapa pemuja ekstrim kiri yang mengancam akan pindah ke Jepang setelah Trump memenangkan pemilu telah memanfaatkan ancaman tersebut setiap hari. Akhir-akhir ini saya melihat orang asing yang terlihat aneh dan tidak tega dan banyak dari mereka yang tidak terlalu aneh sedang berjalan",Regulasi & Kebijakan,True
1909484741310791974,Tue Apr 08 06:27:39 +0000 2025,0,"@GaijinReportJP Yep, having signs around spelling out basic manners to foreigners is annoying in itself, so would laws codifying every little manner be. So revocation if tourist visas and deportation sound preferable, but then again do we want deportation squads jumping on bad manners - how",1909493322571555253,,EurusNewsJP,en,,0,1,0,,2183735976.0,,0,0,1,"ya, memiliki tanda-tanda yang menjelaskan tata krama dasar kepada orang asing memang menjengkelkan, jadi apakah undang-undang yang mengkodifikasikan setiap tata krama akan begitu dicabut jika visa turis dan deportasi terdengar lebih baik, tetapi sekali lagi apakah kita ingin tim deportasi melompati tata krama yang buruk?",44,"ya, memiliki tanda-tanda yang menjelaskan tata krama dasar kepada orang asing memang menjengkelkan, jadi apakah undang-undang yang mengkodifikasikan setiap tata krama akan begitu dicabut jika visa turis dan deportasi terdengar lebih baik, tetapi sekali lagi apakah kita ingin tim deportasi melompati tata krama yang buruk?",Regulasi & Kebijakan,True
1916384784504524865,Tue Apr 29 04:45:11 +0000 2025,0,"@mmdtpb1 @YokL97 @erlanishere Halo @YokL97 @erlanishere! Soal turis Palestina, nggak ada laporan mereka diminta tanda tangan deklarasi kaya di Wind Villa Hotel, Kyoto, yang minta turis Israel nyatakan nggak terlibat kejahatan perang. Jepang justru dukung Palestina, kasih bantuan lebih dari $2.3 miliar sejak",1917077679842726361,,mmdtpb1,in,,0,0,0,,1.7206651831889224e+18,,0,0,5,halo soal turis palestina nggak ada laporan mereka diminta tanda tangan deklarasi kaya di wind villa hotel kyoto yang minta turis israel nyatakan nggak terlibat kejahatan perang jepang justru dukung palestina kasih bantuan lebih dari miliar sejak,37,halo soal turis palestina tidak ada laporan mereka diminta tanda tangan deklarasi kaya di wind villa hotel kyoto yang minta turis israel nyatakan tidak terlibat kejahatan perang jepang justru dukung palestina kasih bantuan lebih dari miliar sejak,Regulasi & Kebijakan,True
1944047307671961871,Sat Jul 12 15:22:10 +0000 2025,2,"@Thatonetrauma This
Some tourist in Japan, approached a guy with lipstick and wrote in Russian in a translator that ""only women wear lipstick, shame on you"" (originally in rude toxic masculinity way)
https://t.co/Uv8qQgKD2T",1944054683670024379,,Thatonetrauma,en,,0,2,0,,1.49931970140663e+18,,0,1,1,"ini beberapa turis di Jepang mendekati seorang pria dengan lipstik dan menulis dalam bahasa Rusia di penerjemah bahwa hanya wanita yang memakai lipstik, rasa malu pada Anda awalnya dengan cara maskulinitas yang kasar dan beracun",31,"ini beberapa turis di Jepang mendekati seorang pria dengan lipstik dan menulis dalam bahasa Rusia di penerjemah bahwa hanya wanita yang memakai lipstik, rasa malu pada Anda awalnya dengan cara maskulinitas yang kasar dan beracun",Pelanggaran Etika & Perilaku,True
1164459584020312064,Thu Aug 22 08:49:34 +0000 2019,26,"Baru aja kita malu liat ada turis Jepang yang mungutin sampah kita,
Sekarang malah berbanding terbalik liat orang Indonesia makan kuaci di @CommuterLine kulitnya dibuang sembarangan. 😆
Apa Kabar Petugas nya? Saya mau ngasih tau takut di Gas sama dia, tau sendiri mak - emak https://t.co/bpfkzwsQDX",1164459584020312064,https://pbs.twimg.com/media/ECj9zxCU0AEDmUb.jpg,,in,,27,50,32,,2888739601.0,,1,1,1,baru aja kita malu liat ada turis jepang yang mungutin sampah kita sekarang malah berbanding terbalik liat orang indonesia makan kuaci di kulitnya dibuang sembarangan apa kabar petugas nya saya mau ngasih tau takut di gas sama dia tau sendiri mak emak,42,baru saja kita malu melihat ada turis jepang yang mungutin sampah kita sekarang malah berbanding terbalik melihat orang indonesia makan kuaci di kulitnya dibuang sembarangan apa kabar petugas nya saya mau ngasih tahu takut di gas sama dia tahu sendiri mak emak,"Pelanggaran Etika & Perilaku, Regulasi & Kebijakan",True
1909793299403358601,Wed Apr 09 04:45:53 +0000 2025,4,"@mrjeffu I’m questioning whether they are making money by sharing this kind of content on social media while entering Japan on tourist visas. Their actions so rude, but it’s all for the sake of views on their videos. I want to know what the immigration department thinks about this.",1909830099140329648,,mrjeffu,en,,0,0,0,,7.573666721308426e+17,,0,0,1,"Saya mempertanyakan apakah mereka menghasilkan uang dengan membagikan konten semacam ini di media sosial saat memasuki Jepang dengan visa turis, tindakan mereka sangat kasar tetapi itu semua demi penayangan video mereka. Saya ingin tahu apa pendapat departemen imigrasi tentang hal ini",48,"Saya mempertanyakan apakah mereka menghasilkan uang dengan membagikan konten semacam ini di media sosial saat memasuki Jepang dengan visa turis, tindakan mereka sangat kasar tetapi itu semua demi penayangan video mereka. Saya ingin tahu apa pendapat departemen imigrasi tentang hal ini","Pelanggaran Etika & Perilaku, Regulasi & Kebijakan",True
1943090079502840059,Wed Jul 09 23:29:10 +0000 2025,0,Lawson Jepang buka layanan parkir menginap dengan tarif Rp 270.000 per malam. https://t.co/SnscoX2Kao,1943090079502840059,,,in,,0,0,0,,454647489.0,,0,1,0,lawson jepang buka layanan parkir menginap dengan tarif rp per malam,11,lawson jepang buka layanan parkir menginap dengan tarif rp per malam,Isu Ekonomi & Harga,True
1038607735275716609,Sun Sep 09 01:59:15 +0000 2018,1,"Ingat viralnya turis Jepang yg punguti sampah di Asian Games 2018 lalu? Di Sail Moyo Tambora, masyarakat NTB juga aktif tetap menjaga kebersihan venue acara #NTBBangkit #WonderfulSailMoyoTambora2018 https://t.co/F7alctAoJo",1038607735275716609,https://pbs.twimg.com/ext_tw_video_thumb/1038607603549450240/pu/img/HyqceDD1Iouu5uG3.jpg,,in,,0,0,2,,69514910.0,,0,1,0,ingat viralnya turis jepang yg punguti sampah di asian games lalu di sail moyo tambora masyarakat ntb juga aktif tetap menjaga kebersihan venue acara,24,ingat viralnya turis jepang yang punguti sampah di asian games lalu di sail moyo tambora masyarakat ntb juga aktif tetap menjaga kebersihan venue acara,Pelanggaran Etika & Perilaku,True
1912440314171912631,Wed Apr 16 09:37:56 +0000 2025,3,"kelakuan turis ya? 🤔

pernah ke osaka castle, pas itu aku kebelet pipis dan mampirlah ke toilet eh gak jadi pipis jir karena toiletnya KOTORR BAUU PESINGG 

gak mungkin ya kelakuan orang jepang. tisu berserakan, lantai banyak jejak kaki, dan ada tainya coyy jijik bgt🤬",1912440314171912631,,,in,,0,0,2,,1.209338033184465e+18,,2,0,0,kelakuan turis ya pernah ke osaka castle pas itu aku kebelet pipis dan mampirlah ke toilet eh gak jadi pipis jir karena toiletnya kotorr bauu pesingg gak mungkin ya kelakuan orang jepang tisu berserakan lantai banyak jejak kaki dan ada tainya coyy jijik bgt,44,kelakuan turis ya pernah ke osaka castle pas itu saya kebelet pipis dan mampirlah ke toilet eh gak jadi pipis jir karena toiletnya kotorr bauu pesingg gak mungkin ya kelakuan orang jepang tisu berserakan lantai banyak jejak kaki dan ada tainya coyy jijik sekali,Regulasi & Kebijakan,True
1973006394677940392,Tue Sep 30 12:45:55 +0000 2025,8,Overtourism di Jepang mengganggu warga lokal. Influencer Yuriko Toba mengingatkan turis untuk menghormati budaya dan kebersihan saat berkunjung. https://t.co/MtMda9Fr8X,1973006394677940392,,,in,,0,3,2,,69183155.0,,0,1,0,overtourism di jepang mengganggu warga lokal influencer yuriko toba mengingatkan turis untuk menghormati budaya dan kebersihan saat berkunjung,18,overtourism di jepang mengganggu warga lokal influencer yuriko toba mengingatkan turis untuk menghormati budaya dan kebersihan saat berkunjung,"Overtourism & Keramaian, Pelanggaran Etika & Perilaku",True
1820603870251858260,Sat Mar 28 10:46:40 +0000 2026,9,"Banyak yang bilang di Jepang aman nggak ada copet, tapi makin ke sini makin banyak kasus karena turis ilegal. Gila sih kalau dibiarin terus.",1820603870252444307,,,in,,0,0,0,1.8206038702524444e+18,8666833638.0,,0,0,0,banyak yang bilang di jepang aman nggak ada copet tapi makin ke sini makin banyak kasus karena turis ilegal gila sih kalau dibiarin terus,24,banyak yang bilang di jepang aman tidak ada copet tapi makin ke sini makin banyak kasus karena turis ilegal gila  kalau dibiarin terus,Regulasi & Kebijakan,True
1974470683762598085,Sun Oct 05 06:07:15 +0000 2025,0,@kangminlee So Japan quasi-nationalism is back... With current Japan population today. It wasn't that bad actually. But yeah the problem will be tourist via.,1974718004383637708,,kangminlee,en,,0,0,0,,238519942.0,,0,0,1,jadi kuasinasionalisme Jepang kembali dengan populasi Jepang saat ini sebenarnya tidak terlalu buruk tapi ya masalahnya adalah melalui turis,23,jadi kuasinasionalisme Jepang kembali dengan populasi Jepang saat ini sebenarnya tidak terlalu buruk tapi ya masalahnya adalah melalui turis,Lain-lain,True
1264808301117583366,Mon May 25 06:45:02 +0000 2020,1,"@nynazka Orang cina dateng ke kuil jepang rusuh heboh,  air suci kuil pada d hamburin, kalau toilet nya jadi kotor, jangan tanya kl mereka udh jadi turis di malaysia di indonesia bikin rusuh jg",1264809682801057793,,mrs_mayorkever,in,,0,1,0,,1.1518988601149972e+18,,0,0,1,orang cina dateng ke kuil jepang rusuh heboh air suci kuil pada d hamburin kalau toilet nya jadi kotor jangan tanya kl mereka udh jadi turis di malaysia di indonesia bikin rusuh jg,33,orang cina dateng ke kuil jepang rusuh heboh air suci kuil pada di hamburin kalau toilet nya jadi kotor jangan tanya kalau mereka sudah jadi turis di malaysia di indonesia membuat rusuh jg,Lain-lain,True
1795706594216620285,Wed May 29 18:24:51 +0000 2024,14,@zahratunnisaf jadi inget dulu di kereta ada turis cina lg ngobrol suaranya agak keras.. tiba2 ada aki2 pulang kerja mabok ngejambak tu turis cina sambil teriak “berisik!! ini jepang!! ngomong pake bahasa jepang!! kalian semua setuju kan!??” sambil nunjuk penumpang lain.,1795884023732121902,,zahratunnisaf,in,,0,1,0,,1.7440562070847775e+18,,0,0,1,"jadi ingat, di dalam mobil ada turis china yang ngobrol, suaranya agak keras, lalu ada seorang pria pulang kerja dalam keadaan mabuk, turis china itu berteriak keras, ini jepang, berbicara dalam bahasa jepang, kalian semua setuju sambil menunjuk penumpang lain",40,"jadi ingat, di dalam mobil ada turis china yang ngobrol, suaranya agak keras, lalu ada seorang pria pulang kerja dalam keadaan mabuk, turis china itu berteriak keras, ini jepang, berbicara dalam bahasa jepang, kalian semua setuju sambil menunjuk penumpang lain",Pelanggaran Etika & Perilaku,True
1793620264993132713,Thu May 23 12:29:29 +0000 2024,0,"Lelah terganggu oleh turis, masyarakat Kawaguchiko Jepang memasang waring untuk menutup pemandangan spektakuler gunung Fuji. Langkah ini dimaksudkan untuk mengurangi kunjungan turis. Reaksi terhadap overtourism pasca pandemi terjadi di berbagai tempat.

https://t.co/30lFRASdLp",1793620264993132713,,,in,,0,0,0,,328959817.0,,0,1,0,lelah terganggu oleh turis masyarakat kawaguchiko jepang memasang waring untuk menutup pemandangan spektakuler gunung fuji langkah ini dimaksudkan untuk mengurangi kunjungan turis reaksi terhadap overtourism pasca pandemi terjadi di berbagai tempat,31,lelah terganggu oleh turis masyarakat kawaguchiko jepang memasang waring untuk menutup pemandangan spektakuler gunung fuji langkah ini dimaksudkan untuk mengurangi kunjungan turis reaksi terhadap overtourism pasca pandemi terjadi di berbagai tempat,Overtourism & Keramaian,True
1873465798238642485,Sun Dec 29 20:27:08 +0000 2024,1,"迷惑害人

""The top 10 annoying foreign tourist behaviors on trains, as chosen by Japanese people：Survey"" - SoraNews24 -Japan News- #SmartNews  https://t.co/z5NzAjqw8L",1873465798238642485,,,en,,0,0,0,,1.312270322071036e+18,,0,1,0,perilaku turis asing yang paling menyebalkan di kereta api menurut survei orang Jepang soranews japan news,16,perilaku turis asing yang paling menyebalkan di kereta api menurut survei orang Jepang soranews japan news,Lain-lain,True
1896121935370547252,Tue Mar 04 05:07:07 +0000 2025,0,"@covid33580516 Doubt it. Japan has a good PR team, there will always be chinese coming. Even if all Chinese leave, there will be a new annoying tourist that will come.

 Thats what happens when you start becoming a tourist economy...🤷‍♀️🤷‍♀️",1896789480847311189,,l3ag2wonyoung,en,,0,1,0,,1.767082125818286e+18,,2,0,1,ragu jepang mempunyai tim PR yang baik akan selalu ada orang cina yang datang bahkan jika semua orang cina pergi akan ada turis baru yang mengganggu yang akan datang itulah yang terjadi ketika Anda mulai menjadi ekonomi turis,39,ragu jepang mempunyai tim PR yang baik akan selalu ada orang cina yang datang bahkan jika semua orang cina pergi akan ada turis baru yang mengganggu yang akan datang itulah yang terjadi ketika Anda mulai menjadi ekonomi turis,"Pelanggaran Etika & Perilaku, Isu Ekonomi & Harga",True
1947537006182879268,Thu Mar 26 00:58:31 +0000 2026,9,Saya setuju sih kalau Jepang mau nerapin pajak wisata lebih tinggi biar bisa nyaring turis yang datang. Nggak habis pikir.,1947537006183505031,,,in,,0,13,50,1.9475370061835052e+18,9849936026.0,user_5727,0,0,0,saya setuju sih kalau jepang mau nerapin pajak wisata lebih tinggi biar bisa nyaring turis yang datang nggak habis pikir,20,saya setuju  kalau jepang mau nerapin pajak wisata lebih tinggi biar bisa nyaring turis yang datang tidak habis pikir,Regulasi & Kebijakan,True
1787084265274126663,Sun May 05 11:37:50 +0000 2024,0,"""Sangat disayangkan kami harus mengambil tindakan seperti itu,"" kata pejabat tersebut, dikutip Evening Standard. Sebagian besar turis yang berasal dari luar Jepang biasanya akan memadati trotoar dan parkir sembarangan di sebelah toko Lawson.",1787084282999300334,,podcast_tyler,in,,0,1,0,,1.4462954042874552e+18,,0,0,0,sangat disayangkan kami harus mengambil tindakan seperti itu kata pejabat tersebut dikutip evening standard sebagian besar turis yang berasal dari luar jepang biasanya akan memadati trotoar dan parkir sembarangan di sebelah toko lawson,33,sangat disayangkan kami harus mengambil tindakan seperti itu kata pejabat tersebut dikutip evening standard sebagian besar turis yang berasal dari luar jepang biasanya akan memadati trotoar dan parkir sembarangan di sebelah toko lawson,Lain-lain,True
432705078894419968,Mon Feb 10 02:38:24 +0000 2014,1,Turis² cewek Jepang yang berisik itu mengingatkan saya pada sesuatu yang harus saya lupakan. *bakarVCDbajakan*,432705078894419968,,,in,,0,0,0,,57641536.0,,0,0,0,turis cewek jepang yang berisik itu mengingatkan saya pada sesuatu yang harus saya lupakan bakarvcdbajakan,15,turis cewek jepang yang berisik itu mengingatkan saya pada sesuatu yang harus saya lupakan bakarvcdbajakan,Pelanggaran Etika & Perilaku,True
1853646885585838254,Tue Nov 05 03:56:45 +0000 2024,2,"@Kuro9Krow Krow, like any sensible young American man I of course would like to visit Japan. The problem is I don't like cities much. Is it possible to travel as a tourist without having to spend significant time in any truly huge cities, mostly going to wilderness areas and smaller towns?",1853647617584222518,,,en,,0,1,0,,7.532469480947139e+17,,0,0,1,"Saya tahu, seperti pemuda Amerika lainnya yang berakal sehat, saya tentu saja ingin mengunjungi Jepang. Masalahnya adalah saya tidak terlalu menyukai kota, apakah mungkin melakukan perjalanan sebagai turis tanpa harus menghabiskan banyak waktu di kota-kota yang sangat besar, kebanyakan pergi ke kawasan hutan belantara dan kota-kota kecil?",50,"Saya tahu, seperti pemuda Amerika lainnya yang berakal sehat, saya tentu saja ingin mengunjungi Jepang. Masalahnya adalah saya tidak terlalu menyukai kota, apakah mungkin melakukan perjalanan sebagai turis tanpa harus menghabiskan banyak waktu di kota-kota yang sangat besar, kebanyakan pergi ke kawasan hutan belantara dan kota-kota kecil?",Regulasi & Kebijakan,True
1784789493616443551,Mon Apr 29 03:39:09 +0000 2024,1,"Pemandangan ke Gunung Fuji Ditutup Pembatas Tinggi, Jengkel Turis Nakal https://t.co/JdS2uwt4zv #TempoDunia",1784789493616443551,,,in,,0,1,0,,18129942.0,,0,1,0,pemandangan ke gunung fuji ditutup pembatas tinggi jengkel turis nakal,10,pemandangan ke gunung fuji ditutup pembatas tinggi jengkel turis nakal,Pelanggaran Etika & Perilaku,True
1967350146105387154,Sun Mar 22 12:35:13 +0000 2026,10,"Coba aja liat di Asakusa atau Shibuya, sumpek banget isinya turis semua, warga aslinya malah pada nepi. Bikin emosi bacanya.",1967350146106257256,,,in,,0,0,1,1.9673501461062572e+18,1852159344.0,,0,0,0,coba aja liat di asakusa atau shibuya sumpek banget isinya turis semua warga aslinya malah pada nepi bikin emosi bacanya,20,coba saja melihat di asakusa atau shibuya sumpek sekali isinya turis semua warga aslinya malah pada nepi membuat emosi bacanya,Lain-lain,True
1930074495156662447,Wed Jun 04 01:33:17 +0000 2025,494,"This is the full text, which I translated from French:

""The Trump Revolution

I would like to try to understand the immediate cause of the Trump Revolution.

Every revolution has primarily endogenous causes; it is first and foremost the outcome of internal dynamics and",1930075351352521022,,RnaudBertrand,en,,23,37,131,,43061739.0,,0,0,0,ini adalah teks lengkap yang saya terjemahkan dari bahasa perancis revolusi truf Saya ingin mencoba memahami penyebab langsung dari revolusi truf setiap revolusi terutama memiliki penyebab endogen. Yang pertama dan terutama adalah hasil dari dinamika internal dan,44,ini adalah teks lengkap yang saya terjemahkan dari bahasa perancis revolusi truf Saya ingin mencoba memahami penyebab langsung dari revolusi truf setiap revolusi terutama memiliki penyebab endogen. Yang pertama dan terutama adalah hasil dari dinamika internal dan,Lain-lain,True
1927371116806283661,Tue May 27 14:27:37 +0000 2025,413,"There are many people who simply refuse to recognize, by either willful ignorance or pure entitlement, that traveling to Japan (or any foreign place) is a privilege, not a right. Japan has just become a big target due to the relatively recent surge in popularity of their media in https://t.co/k5JBq8kEP6",1927371116806283661,https://pbs.twimg.com/media/Gr9h6DrWUAAFLQP.jpg,,en,,2,22,51,,8.816800424845271e+17,,0,1,0,"Ada banyak orang yang menolak untuk mengakui, baik karena ketidaktahuan yang disengaja atau karena hak murni, bahwa bepergian ke Jepang atau tempat asing mana pun adalah suatu hak istimewa, bukan hak. Jepang baru saja menjadi target besar karena popularitas media mereka yang meningkat relatif baru-baru ini di negara tersebut.",49,"Ada banyak orang yang menolak untuk mengakui, baik karena ketidaktahuan yang disengaja atau karena hak murni, bahwa bepergian ke Jepang atau tempat asing mana pun adalah suatu hak istimewa, bukan hak. Jepang baru saja menjadi target besar karena popularitas media mereka yang meningkat relatif baru-baru ini di negara tersebut.","Overtourism & Keramaian, Regulasi & Kebijakan",True
2044246743118684425,Wed Apr 15 17:38:20 +0000 2026,0,"@BenGrahamUK Fair, don't go to another country and act like that. Jesus thats why Japan has to enforce tourist laws. Because people are rude and stupid",2044470393654624468,,BenGrahamUK,en,,0,0,0,,937178371.0,,0,0,1,"Adil, jangan pergi ke negara lain dan bertindak seperti itu Yesus, itulah mengapa Jepang harus menegakkan hukum pariwisata karena orang-orangnya kasar dan bodoh",25,"Adil, jangan pergi ke negara lain dan bertindak seperti itu Yesus, itulah mengapa Jepang harus menegakkan hukum pariwisata karena orang-orangnya kasar dan bodoh","Pelanggaran Etika & Perilaku, Regulasi & Kebijakan",True
1898964224479975577,Wed Mar 25 06:03:58 +0000 2026,8,"Overtourism di Jepang udah level kronis, tiket wisata harganya dinaikkan berkali-kali lipat buat turis asing. Ya ampun...",1898964224480320986,,,in,,0,12,0,1.898964224480321e+18,1608819616.0,,0,0,0,overtourism di jepang udah level kronis tiket wisata harganya dinaikkan berkalikali lipat buat turis asing ya ampun,17,overtourism di jepang sudah level kronis tiket wisata harganya dinaikkan berkalikali lipat buat turis asing ya ampun,"Overtourism & Keramaian, Regulasi & Kebijakan, Isu Ekonomi & Harga",True
1895274860617834896,Fri Feb 28 00:48:33 +0000 2025,1,"Senang Banyak Destinasi Viral, tapi Jepang Juga Pusing Hadapi Turis Nakal https://t.co/4rr58m28gd",1895274860617834896,,,in,,0,0,1,,240113510.0,,0,1,0,senang banyak destinasi viral tapi jepang juga pusing hadapi turis nakal,11,senang banyak destinasi viral tapi jepang juga pusing hadapi turis nakal,"Pelanggaran Etika & Perilaku, Regulasi & Kebijakan",True
2018339403601772717,Tue Feb 03 18:13:49 +0000 2026,0,"@AdityasArifian1 Jangan aneh2 plisss.. Dimana kita berada tolong hargai aturan dan budaya setempat. Jangan samakan dengan yg ada di Indonesia.
Jangan sampai turis Indonesia diseleksi ketat utk ke Jepang, atau dilarang permanen. Aku belum ke Jepang soalnya 😭",2018749783217930621,,AdityasArifian1,in,,0,0,0,,1.9078119777387274e+18,,1,0,1,jangan aneh plisss dimana kita berada tolong hargai aturan dan budaya setempat jangan samakan dengan yg ada di indonesia jangan sampai turis indonesia diseleksi ketat utk ke jepang atau dilarang permanen aku belum ke jepang soalnya,36,jangan aneh plisss dimana kita berada tolong hargai aturan dan budaya setempat jangan samakan dengan yang ada di indonesia jangan sampai turis indonesia diseleksi ketat untuk ke jepang atau dilarang permanen saya belum ke jepang soalnya,"Regulasi & Kebijakan, Isu Ekonomi & Harga",True
1885314696900981171,Fri Jan 31 13:10:25 +0000 2025,59,"News: ""Mistaken Identity"" Attack Incident: A 28-Year-Old Chinese Man Living Near the Scene Arrested, Possibly Gave Instructions to the Two Perpetrators  
""Requested to carry out the attack and came to Japan"" - Two Malaysian men, who were captured after fleeing and detained at",1885314696900981171,,,en,,0,13,5,,178763308.0,,0,0,0,berita kesalahan identitas insiden penyerangan seorang pria Tionghoa berusia satu tahun yang tinggal di dekat lokasi kejadian ditangkap kemungkinan memberikan instruksi kepada dua pelaku yang diminta untuk melakukan penyerangan dan datang ke Jepang dua pria Malaysia yang ditangkap setelah melarikan diri dan ditahan di,42,berita kesalahan identitas insiden penyerangan seorang pria Tionghoa berusia satu tahun yang tinggal di dekat lokasi kejadian ditangkap kemungkinan memberikan instruksi kepada dua pelaku yang diminta untuk melakukan penyerangan dan datang ke Jepang dua pria Malaysia yang ditangkap setelah melarikan diri dan ditahan di,Lain-lain,True
1895906244956758171,Sat Mar 01 18:37:27 +0000 2025,0,"https://t.co/e4thLlL0rk

Japan is set to raise its International Tourist Tax, aiming to combat overtourism, enhance infrastructure, and manage the surge in foreign...",1895906244956758171,,,en,,0,0,0,,1.8782804738537923e+18,,0,1,0,"Jepang akan menaikkan pajak turis internasional yang bertujuan untuk memerangi overtourism, meningkatkan infrastruktur, dan mengelola lonjakan wisatawan asing",21,"Jepang akan menaikkan pajak turis internasional yang bertujuan untuk memerangi overtourism, meningkatkan infrastruktur, dan mengelola lonjakan wisatawan asing","Overtourism & Keramaian, Regulasi & Kebijakan",True
1912389209182335275,Wed Apr 16 06:14:52 +0000 2025,27,"Gue baca cuplikan berita di Jepang kalo harga2 di sana bakalan dibedain antara warlok sama gaijin. Terus tax free bakalan lebih ribet.
Gara2 overtourism di jepang

Gaijin gaijin sialan emang",1912389209182335275,,,in,,0,5,0,,56070794.0,,0,0,0,gue baca cuplikan berita di jepang kalo harga di sana bakalan dibedain antara warlok sama gaijin terus tax free bakalan lebih ribet gara overtourism di jepang gaijin gaijin sialan emang,30,saya baca cuplikan berita di jepang kalau harga di sana bakalan dibedain antara warlok sama gaijin terus tax free bakalan lebih ribet gara overtourism di jepang gaijin gaijin sialan memang,"Overtourism & Keramaian, Regulasi & Kebijakan, Isu Ekonomi & Harga",True
1913467464152735931,Sat Apr 19 22:46:07 +0000 2025,0,"@mameloff_csgo @NoContextHumans JAPAN sells it to tourists… Imagine me crying about the Empire State Building lmaoooo. Not to mention the speed limit in shibuya is not fast, you shouldn’t have a problem with a few extra tiny cars? 

Not good to perpetuate hating tourism especially when you rely on it for your",1913725827877114247,,mameloff_csgo,en,,0,1,0,,1.2231872419352863e+18,,0,0,2,jepang menjualnya kepada turis bayangkan saya menangis tentang gedung Empire State lmaoooo belum lagi batas kecepatan di shibuya tidak cepat Anda seharusnya tidak memiliki masalah dengan beberapa mobil ekstra kecil tidak baik untuk melanggengkan kebencian terhadap pariwisata terutama ketika Anda mengandalkannya untuk Anda,50,jepang menjualnya kepada turis bayangkan saya menangis tentang gedung Empire State lmaoooo belum lagi batas kecepatan di shibuya tidak cepat Anda seharusnya tidak memiliki masalah dengan beberapa mobil ekstra kecil tidak baik untuk melanggengkan kebencian terhadap pariwisata terutama ketika Anda mengandalkannya untuk Anda,Pelanggaran Etika & Perilaku,True
1874635233880088619,Thu Jan 02 10:28:12 +0000 2025,2,"@plaidflaneur Lahhhh....kirain datengnya bule bisa nyumbang pad yang gede. Ngapain bela2in bule kalo zonk hasilnya

Ayo datengin turis yang bawa duit bukan bawa masalah. Noh orang timteng malah ke Thai, Jepang atau malah ke Malaysia.

Tendang jauh2 mindset kalau bule is everything",1874764622601007203,,plaidflaneur,in,,0,0,0,,1.7076598820891034e+18,,0,0,1,"Lahhhh, saya kira Bule akan datang dan menyumbangkan pembalut yang besar, kenapa Bule? Kalau hasilnya jelek, kita tunggu turis yang bawa uang, tak bawa masalah, bahkan ke Thailand, Jepang, atau bahkan ke Malaysia pun tak ada orang, hilangkan dulu pola pikir bahwa Bule adalah segalanya.",41,"Lahhhh, saya kira Bule akan datang dan menyumbangkan pembalut yang besar, kenapa Bule? Kalau hasilnya jelek, kita tunggu turis yang bawa uang, tak bawa masalah, bahkan ke Thailand, Jepang, atau bahkan ke Malaysia pun tak ada orang, hilangkan dulu pola pikir bahwa Bule adalah segalanya.",Regulasi & Kebijakan,True
1797458972490056016,Mon Jun 03 02:43:08 +0000 2024,0,"Baru Juga Dipasang, Tirai Penghalang Pemandangan Gunung Fuji Dirusak Turis Nakal https://t.co/col1qrWHfz",1797458972490056016,,,in,,0,0,0,,742718780.0,,0,1,0,baru juga dipasang tirai penghalang pemandangan gunung fuji dirusak turis nakal,11,baru juga dipasang tirai penghalang pemandangan gunung fuji dirusak turis nakal,Pelanggaran Etika & Perilaku,True
1961945231693394053,Mon Sep 01 14:49:25 +0000 2025,0,"@Kto_to784 @isfjcutebear In Japan, protests against immigrants have occurred sporadically in 2025, often tied to specific issues like Kurdish communities (June) or African partnerships (August, with events in Osaka and Tokyo drawing hundreds to thousands). Anti-tourist sentiment exists due to",1962528225445421075,,Kto_to784,en,,0,0,0,,1.7206651831889224e+18,,0,0,2,di Jepang protes terhadap imigran terjadi secara sporadis dan seringkali dikaitkan dengan isu-isu tertentu seperti komunitas Kurdi Juni atau kemitraan Afrika pada Agustus dengan peristiwa di Osaka dan Tokyo yang menarik ratusan hingga ribuan sentimen anti-turis muncul karena,37,di Jepang protes terhadap imigran terjadi secara sporadis dan seringkali dikaitkan dengan isu-isu tertentu seperti komunitas Kurdi Juni atau kemitraan Afrika pada Agustus dengan peristiwa di Osaka dan Tokyo yang menarik ratusan hingga ribuan sentimen anti-turis muncul karena,Lain-lain,True
2005342486597327023,Sun Mar 22 19:53:35 +0000 2026,3,Wacana pemerintah Jepang naikin tarif kereta untuk turis asing tuh ide bagus banget buat ngurangin kepadatan. Harus ada sanksi tegas.,2005342486598050584,,someone,in,,0,0,0,2.0053424865980506e+18,4567949379.0,user_8788,0,0,0,wacana pemerintah jepang naikin tarif kereta untuk turis asing tuh ide bagus banget buat ngurangin kepadatan harus ada sanksi tegas,20,wacana pemerintah jepang menaikkan tarif kereta untuk turis asing tuh ide bagus sekali buat ngurangin kepadatan harus ada sanksi tegas,"Overtourism & Keramaian, Regulasi & Kebijakan, Isu Ekonomi & Harga",True
2032003319817028074,Thu Mar 12 07:58:38 +0000 2026,0,"There's nothing more annoying as a tourist than walking and typing at the same time. Wrapping up an amazing vacation in Japan, I found myself constantly doing exactly that — ""where's the best sushi near me,"" ""is this the right train,"" ""find my wife a handbag shop."" You're",2032003319817028074,,,en,,0,0,0,,3341789391.0,,0,0,0,"tidak ada yang lebih menyebalkan sebagai turis selain berjalan dan mengetik pada saat yang sama mengakhiri liburan yang luar biasa di Jepang. Saya mendapati diri saya terus-menerus melakukan hal itu di mana sushi terbaik di dekat saya adalah ini kereta yang tepat, carikan istri saya toko tas tangan, Anda",47,"tidak ada yang lebih menyebalkan sebagai turis selain berjalan dan mengetik pada saat yang sama mengakhiri liburan yang luar biasa di Jepang. Saya mendapati diri saya terus-menerus melakukan hal itu di mana sushi terbaik di dekat saya adalah ini kereta yang tepat, carikan istri saya toko tas tangan, Anda",Pelanggaran Etika & Perilaku,True
1520110140330104784,Sun Mar 22 23:58:36 +0000 2026,0,"Beberapa turis beneran nggak punya adab kalau di Jepang, masuk ke properti pribadi orang buat foto-foto doang. Kasian warga lokalnya.",1520110140330509049,,,in,,0,0,0,1.520110140330509e+18,9400012852.0,,0,0,0,beberapa turis beneran nggak punya adab kalau di jepang masuk ke properti pribadi orang buat fotofoto doang kasian warga lokalnya,20,beberapa turis beneran tidak punya adab kalau di jepang masuk ke properti pribadi orang buat fotofoto doang kasian warga lokalnya,Pelanggaran Etika & Perilaku,True
1880044878073328043,Fri Jan 17 00:10:03 +0000 2025,0,"Hot take: I think it’s incredibly rude and disrespectful to not learn some of the language of the place you’re visiting. Even bringing a translation device shows some thought. (But yes, some places in Japan are very anti-tourist and discriminatory)",1880044878073328043,,,en,,0,0,0,,50764084.0,,0,0,0,"menurut saya sangat kasar dan tidak sopan jika tidak mempelajari beberapa bahasa di tempat yang Anda kunjungi bahkan membawa perangkat terjemahan menunjukkan beberapa pemikiran tetapi ya, beberapa tempat di Jepang sangat antituris dan diskriminatif",40,"menurut saya sangat kasar dan tidak sopan jika tidak mempelajari beberapa bahasa di tempat yang Anda kunjungi bahkan membawa perangkat terjemahan menunjukkan beberapa pemikiran tetapi ya, beberapa tempat di Jepang sangat antituris dan diskriminatif",Pelanggaran Etika & Perilaku,True
1961152087007662409,Fri Aug 29 08:20:43 +0000 2025,0,"@politicalawake If this boom were dispersed evenly throughout time and space, it wouldn’t be very onerous. If every tourist came for only one week, and they were spread out evenly throughout the year, 37 million annual visitors would represent only 0.6% of the Japanese population. That’s tiny. https://t.co/3hPZB2cEKk",1961343241770401948,https://pbs.twimg.com/media/GzgXRuMWkAEWTjg.jpg,LittleCoco83812,en,,0,1,0,,1.7082700591210004e+18,,0,1,1,jika lonjakan ini tersebar secara merata sepanjang ruang dan waktu maka tidak akan terlalu memberatkan jika setiap turis datang hanya selama satu minggu dan tersebar secara merata sepanjang tahun. Jutaan pengunjung tahunan hanya akan mewakili populasi Jepang yang sangat kecil.,44,jika lonjakan ini tersebar secara merata sepanjang ruang dan waktu maka tidak akan terlalu memberatkan jika setiap turis datang hanya selama satu minggu dan tersebar secara merata sepanjang tahun. Jutaan pengunjung tahunan hanya akan mewakili populasi Jepang yang sangat kecil.,Lain-lain,True
1924927861678313616,Tue May 20 23:29:13 +0000 2025,0,"@CyndurX @unusual_whales Around 76 countries have a tipping culture similar to the U.S., where tipping is expected, especially in hospitality. Up to 188 countries may have some form of tipping, either customary or appreciated, particularly in tourist areas. About 50 countries, like Japan and China, do",1924970697044197469,,CyndurX,en,,0,1,0,,1.7206651831889224e+18,,0,0,2,"negara-negara di sekitar mempunyai budaya memberi tip yang mirip dengan Amerika Serikat, di mana pemberian tip diharapkan khususnya dalam bidang perhotelan, hingga negara-negara tersebut mungkin mempunyai beberapa bentuk pemberian tip, baik yang lazim atau dihargai, khususnya di kawasan wisata. Negara-negara seperti Jepang dan Cina juga melakukan hal tersebut.",41,"negara-negara di sekitar mempunyai budaya memberi tip yang mirip dengan Amerika Serikat, di mana pemberian tip diharapkan khususnya dalam bidang perhotelan, hingga negara-negara tersebut mungkin mempunyai beberapa bentuk pemberian tip, baik yang lazim atau dihargai, khususnya di kawasan wisata. Negara-negara seperti Jepang dan Cina juga melakukan hal tersebut.",Isu Ekonomi & Harga,True
1940951587599356343,Sun Jul 06 12:27:08 +0000 2025,0,"@hdm_ed @OJoelsen The Netherlands  charge tourists land and water tax.  
Croatia charges a tourist tax fee. 
Some countries, like Japan and Costa Rica charge Tourists a tax before leaving the country.  Which I find annoying.",1941836311159054697,,hdm_ed,en,,0,0,0,,540779844.0,,0,0,2,belanda mengenakan pajak tanah dan air kepada wisatawan Kroasia membebankan biaya pajak turis beberapa negara seperti Jepang dan Kosta Rika mengenakan pajak kepada wisatawan sebelum meninggalkan negara tersebut yang menurut saya menjengkelkan,33,belanda mengenakan pajak tanah dan air kepada wisatawan Kroasia membebankan biaya pajak turis beberapa negara seperti Jepang dan Kosta Rika mengenakan pajak kepada wisatawan sebelum meninggalkan negara tersebut yang menurut saya menjengkelkan,Regulasi & Kebijakan,False
1700134558001340735,Tue Mar 24 18:17:39 +0000 2026,0,"Beberapa turis beneran nggak punya adab kalau di Jepang, masuk ke properti pribadi orang buat foto-foto doang. Semoga turis kita nggak gitu.",1700134558002186282,,,in,,0,0,0,1.7001345580021862e+18,1342378146.0,user_4640,0,0,0,beberapa turis beneran nggak punya adab kalau di jepang masuk ke properti pribadi orang buat fotofoto doang semoga turis kita nggak gitu,22,beberapa turis beneran tidak punya adab kalau di jepang masuk ke properti pribadi orang buat fotofoto doang semoga turis kita tidak begitu,Pelanggaran Etika & Perilaku,True
1962572792836014365,Thu Sep 04 12:31:46 +0000 2025,0,@Mellybelly609 @TheJamesCalvey @Seggipriv White tourist dont act barbarian? You forgot white youtuber in japan that acted like a monkey there? White people can be as annoying and arrogant as any other people. An indian immigrant working in japan is probably more helpful to the community than an arrogant white tourist.,1963580747920367881,,Mellybelly609,en,,0,0,0,,1.198184948714238e+18,,0,0,3,turis kulit putih jangan bertingkah barbar kamu lupa youtuber kulit putih di jepang yang bertingkah seperti monyet di sana orang kulit putih bisa sama menyebalkan dan sombongnya dengan orang lain seorang imigran India yang bekerja di Jepang mungkin lebih membantu masyarakat daripada turis kulit putih yang sombong,47,turis kulit putih jangan bertingkah barbar kamu lupa youtuber kulit putih di jepang yang bertingkah seperti monyet di sana orang kulit putih bisa sama menyebalkan dan sombongnya dengan orang lain seorang imigran India yang bekerja di Jepang mungkin lebih membantu masyarakat daripada turis kulit putih yang sombong,Regulasi & Kebijakan,True
2039667854933455226,Thu Apr 02 23:38:42 +0000 2026,0,"@AaronRHolloway1 @May_Roma Battery in USA is not how it works in Japan. 

Do
You think the police or the Japanese courts will side with an annoying tourist or the old man? 

In Japanese culture old people are respected and if an old person tells you to stop doing something or move, you DO IT.",2039850038806147336,,AaronRHolloway1,en,,0,0,0,,1.6253756156659958e+18,,0,0,2,"baterai di AS tidak berfungsi di Jepang, menurut Anda apakah polisi atau pengadilan Jepang akan memihak turis yang menyebalkan atau orang tua dalam budaya Jepang, orang tua dihormati dan jika orang tua menyuruh Anda berhenti melakukan sesuatu atau pindah, Anda melakukannya",52,"baterai di AS tidak berfungsi di Jepang, menurut Anda apakah polisi atau pengadilan Jepang akan memihak turis yang menyebalkan atau orang tua dalam budaya Jepang, orang tua dihormati dan jika orang tua menyuruh Anda berhenti melakukan sesuatu atau pindah, Anda melakukannya",Lain-lain,True
1940162518921650584,Wed Jul 02 12:01:02 +0000 2025,0,@Seano299 @stfk_k @Scrunthropious @SuperSourSoda I feel like someone focusing on a single problematic aspect of an entire country and basing a whole fan base around it is more tourist behavior IMO. Glorifying and mystifying Japan as some pedo haven where pedo porn comes from pachinko machines is tourist trap bs,1940380191282590004,,Seano299,en,,0,1,0,,8.631396381475226e+17,,0,0,4,Aku merasa seperti seseorang yang memusatkan perhatian pada satu aspek problematis dari suatu negara dan mendasarkan seluruh basis penggemar pada hal tersebut. Itu lebih merupakan perilaku turis. Aku mengagungkan dan membingungkan Jepang sebagai surga pedo di mana pornografi pedo berasal dari mesin pachinko adalah jebakan turis.,46,Aku merasa seperti seseorang yang memusatkan perhatian pada satu aspek problematis dari suatu negara dan mendasarkan seluruh basis penggemar pada hal tersebut. Itu lebih merupakan perilaku turis. Aku mengagungkan dan membingungkan Jepang sebagai surga pedo di mana pornografi pedo berasal dari mesin pachinko adalah jebakan turis.,Lain-lain,True
1945961698453529034,Sat Jul 19 06:34:31 +0000 2025,1,"@IraGilligan @jasonc_nc Also getting tired of rude Chinese tourists. Most are perfectly fine, but in Japan last year a Chinese tourist barreled into my wife who was standing still. I didn’t see it and my wife wanted to leave instead of cause a scene, knowing full well that’s not acceptable in Japan.",1946458614136177005,,IraGilligan,en,,0,0,0,,551017970.0,,0,0,2,"juga bosan dengan turis Tiongkok yang kasar, sebagian besar baik-baik saja tetapi di Jepang tahun lalu seorang turis Tiongkok menyerang istri saya yang masih berdiri. Saya tidak melihatnya dan istri saya ingin pergi alih-alih membuat keributan karena mengetahui sepenuhnya bahwa itu tidak dapat diterima di Jepang",50,"juga bosan dengan turis Tiongkok yang kasar, sebagian besar baik-baik saja tetapi di Jepang tahun lalu seorang turis Tiongkok menyerang istri saya yang masih berdiri. Saya tidak melihatnya dan istri saya ingin pergi alih-alih membuat keributan karena mengetahui sepenuhnya bahwa itu tidak dapat diterima di Jepang","Overtourism & Keramaian, Pelanggaran Etika & Perilaku",True
1619722691369879946,Wed Mar 25 01:31:57 +0000 2026,10,Kasihan lihat orang Jepang yang terganggu gara-gara turis nggak ngerti etika saat berwisata. Hmmm...,1619722691370771967,,,in,,0,0,2,1.619722691370772e+18,8861067161.0,,0,0,0,kasihan lihat orang jepang yang terganggu garagara turis nggak ngerti etika saat berwisata hmmm,14,kasihan lihat orang jepang yang terganggu garagara turis tidak ngerti etika saat berwisata hmmm,Pelanggaran Etika & Perilaku,True
1754973636079211602,Sat Apr 11 04:31:46 +0000 2026,406,"Kelakuan turis asing di Jepang bikin geleng-geleng kepala, pantas saja warga lokal jadi kesal. Harus ada sanksi tegas.",1754973636079302405,,,in,,0,0,0,1.7549736360793024e+18,3465079206.0,user_8388,0,0,0,kelakuan turis asing di jepang bikin gelenggeleng kepala pantas saja warga lokal jadi kesal harus ada sanksi tegas,18,kelakuan turis asing di jepang membuat gelenggeleng kepala pantas saja warga lokal jadi kesal harus ada sanksi tegas,Lain-lain,True
379420359767769089,Mon Sep 16 01:43:57 +0000 2013,0,Kesian yah *pukpuk RT @detikcom: Turis Perempuan Bertato Dilarang ke Pemandian Umum di Jepang http://t.co/pb9k26wvEB via @detiktravel,379420359767769089,,,in,,0,0,0,,238922181.0,,0,1,2,kesian yah pukpuk rt turis perempuan bertato dilarang ke pemandian umum di jepang via,14,kesian yah pukpuk rt turis perempuan bertato dilarang ke pemandian umum di jepang via,"Pelanggaran Etika & Perilaku, Regulasi & Kebijakan",False
1939476787601588299,Tue Jul 01 07:17:47 +0000 2025,0,@slater57649 I mean japan have many rules most of the rule broker by tourist. I can't blame japan people to hate some tourist.🗿 So many tourist came &amp; rude plus break their rules.,1939946519840399694,,slater57649,en,,0,0,0,,1.522896512287662e+18,,1,0,1,"Maksudku, Jepang punya banyak aturan, sebagian besar aturannya dibuat oleh turis. Aku tidak bisa menyalahkan orang-orang Jepang yang membenci turis sehingga banyak turis yang bersikap kasar dan melanggar aturan mereka.",31,"Maksudku, Jepang punya banyak aturan, sebagian besar aturannya dibuat oleh turis. Aku tidak bisa menyalahkan orang-orang Jepang yang membenci turis sehingga banyak turis yang bersikap kasar dan melanggar aturan mereka.","Pelanggaran Etika & Perilaku, Regulasi & Kebijakan",True
1615167425053601792,Tue Jan 17 09:48:20 +0000 2023,0,"@FaktaSepakbola turis Jepang adalah turis yang paling baik. pernah ke Bororbudur thn 2013, gelut ama turis lokal gegara buang sampah sembarangan. Turis Jepang boro boro bawa sampah, mereka gak nyentuh relief candi sama sekali.

pas liat Asian Games 2018 juga gitu, jadi ikutan bersih.",1615284878047866880,,FaktaSepakbola,in,,0,0,0,,8.891705194795581e+17,,0,0,1,turis jepang adalah turis yang paling baik pernah ke bororbudur thn gelut ama turis lokal gegara buang sampah sembarangan turis jepang boro boro bawa sampah mereka gak nyentuh relief candi sama sekali pas liat asian games juga gitu jadi ikutan bersih,41,turis jepang adalah turis yang paling baik pernah ke bororbudur thn gelut ama turis lokal gegara buang sampah sembarangan turis jepang boro boro bawa sampah mereka gak nyentuh relief candi sama sekali pas melihat asian games juga begitu jadi ikutan bersih,"Pelanggaran Etika & Perilaku, Isu Ekonomi & Harga",True
1955264863359602738,Tue Aug 12 14:09:35 +0000 2025,78,@kotobano_h Unfortunately behavior like this won't stop until Japan treats the disrespectful tourist problem with more urgency. They see everything around them as being for their entertainment rather than something to admire &amp; show respect.,1955270442433778061,,kotobano_h,en,,1,1,6,,8.816800424845271e+17,,0,0,1,sayangnya perilaku seperti ini tidak akan berhenti sampai Jepang menangani masalah turis yang tidak sopan dengan lebih mendesak. Mereka melihat segala sesuatu di sekitar mereka sebagai hiburan daripada sesuatu untuk dikagumi. Tunjukkan rasa hormat.,33,sayangnya perilaku seperti ini tidak akan berhenti sampai Jepang menangani masalah turis yang tidak sopan dengan lebih mendesak. Mereka melihat segala sesuatu di sekitar mereka sebagai hiburan daripada sesuatu untuk dikagumi. Tunjukkan rasa hormat.,Pelanggaran Etika & Perilaku,True
1798152712703639960,Wed Jun 05 00:39:49 +0000 2024,0,disini masih usaha keras supaya tourism laku. sedangkan di Jepang sudah mikirin cara menghandle overtourism.,1798152712703639960,,,in,,0,0,0,,63462584.0,,0,0,0,disini masih usaha keras supaya tourism laku sedangkan di jepang sudah mikirin cara menghandle overtourism,15,disini masih usaha keras supaya tourism laku sedangkan di jepang sudah mikirin cara menghandle overtourism,Overtourism & Keramaian,True
1897914802523312284,Fri Mar 07 07:38:45 +0000 2025,0,"that's why i don't like ""tourist"" fans making assumptions and tend to marginalize older fans in the Babymetal community. oh, the parallel with the tourist problem in Japan.",1897914802523312284,,,en,,0,0,0,,58887713.0,,0,0,0,makanya aku kurang suka turis turis berasumsi dan cenderung meminggirkan fans yang lebih tua di komunitas babymetal oh sejajar dengan masalah turis di jepang,28,makanya saya kurang suka turis turis berasumsi dan cenderung meminggirkan fans yang lebih tua di komunitas babymetal oh sejajar dengan masalah turis di jepang,Lain-lain,True
1879433099412717775,Fri Jan 17 01:39:50 +0000 2025,0,"@callistoroll Simply disgraceful that you, who would be considered A TOURIST, in Japan not knowing how to communicate in their first language, thinks this sign is rude in any way.",1880067474852573624,,callistoroll,en,,0,0,0,,1.0020093653045371e+18,,0,0,1,sungguh memalukan bahwa Anda yang dianggap turis di Jepang tidak tahu cara berkomunikasi dalam bahasa pertama mereka menganggap tanda ini tidak sopan dalam hal apa pun.,29,sungguh memalukan bahwa Anda yang dianggap turis di Jepang tidak tahu cara berkomunikasi dalam bahasa pertama mereka menganggap tanda ini tidak sopan dalam hal apa pun.,Pelanggaran Etika & Perilaku,True
1904040608601092269,Mon Mar 24 05:20:31 +0000 2025,776,"The Watatsumi Shrine in Tsushima prohibited entry to anyone other than worshippers.
Because there was a ""seriously significant and unacceptable act of disrespect"" from foreign tourists. https://t.co/wFJ8busyOh",1904040608601092269,https://pbs.twimg.com/media/GmyCilXawAEqiIK.jpg,,en,,18,35,148,,1.6709973887970222e+18,,0,1,0,Kuil Watatsumi di Tsushima melarang masuknya siapa pun selain jamaah karena terdapat tindakan tidak hormat yang sangat signifikan dan tidak dapat diterima dari wisatawan asing,26,Kuil Watatsumi di Tsushima melarang masuknya siapa pun selain jamaah karena terdapat tindakan tidak hormat yang sangat signifikan dan tidak dapat diterima dari wisatawan asing,Lain-lain,True
379427476562124801,Mon Sep 16 02:12:14 +0000 2013,0,"Turis Perempuan Bertato Dilarang ke Pemandian Umum di Jepang: Seorang turis perempuan dari etnis Maori, Seland... http://t.co/oEL5ipyFV8",379427476562124801,,,in,,0,0,0,,37465519.0,,0,1,0,turis perempuan bertato dilarang ke pemandian umum di jepang seorang turis perempuan dari etnis maori seland,16,turis perempuan bertato dilarang ke pemandian umum di jepang seorang turis perempuan dari etnis maori seland,"Pelanggaran Etika & Perilaku, Regulasi & Kebijakan",True
1873466093379183013,Sun Dec 29 20:28:18 +0000 2024,1,"donts in japan!!

""The top 10 annoying foreign tourist behaviors on trains, as chosen by Japanese people：Survey"" - SoraNews24 -Japan News- #SmartNews  https://t.co/NX2nWuHSlV",1873466093379183013,,,en,,0,0,0,,1.312270322071036e+18,,0,1,0,larangan di jepang perilaku turis asing yang paling menyebalkan di kereta api seperti yang dipilih oleh survei orang jepang soranews japan news,19,larangan di jepang perilaku turis asing yang paling menyebalkan di kereta api seperti yang dipilih oleh survei orang jepang soranews japan news,Regulasi & Kebijakan,True
1775545581040209300,Wed Mar 18 07:23:44 +0000 2026,0,"Beberapa turis beneran nggak punya adab kalau di Jepang, masuk ke properti pribadi orang buat foto-foto doang. Setuju ga nih?",1775545581040415842,,,in,,0,0,0,1.7755455810404157e+18,1240825930.0,user_3670,0,0,0,beberapa turis beneran nggak punya adab kalau di jepang masuk ke properti pribadi orang buat fotofoto doang setuju ga nih,20,beberapa turis beneran tidak punya adab kalau di jepang masuk ke properti pribadi orang buat fotofoto doang setuju tidak nih,Pelanggaran Etika & Perilaku,True
1892501039397626154,Thu Feb 20 09:06:23 +0000 2025,0,Rude Tourist Attacked by Locals in Japan! Are They Yakuza? https://t.co/OujRPDbEgk @YouTubeより,1892501039397626154,,,en,,0,0,0,,2408394924.0,,0,1,1,turis kasar yang diserang oleh penduduk lokal di Jepang apakah mereka yakuza,10,turis kasar yang diserang oleh penduduk lokal di Jepang apakah mereka yakuza,Pelanggaran Etika & Perilaku,True
143910900892573696,Tue Dec 06 04:33:27 +0000 2011,0,"Neymar Dilarang Makan Sushi di Jepang: ""Para pemain bukanlah turis, ini pekerjaan. Kami harus… http://t.co/Sbr2DEMf",143910900892573696,,,in,,0,0,0,,226151786.0,,0,1,0,neymar dilarang makan sushi di jepang para pemain bukanlah turis ini pekerjaan kami harus,14,neymar dilarang makan sushi di jepang para pemain bukanlah turis ini pekerjaan kami harus,Regulasi & Kebijakan,True
2036459340685865132,Tue Mar 24 15:05:17 +0000 2026,20339,"Thailand is considering shortening the tourist visa from 60 days to 30 days due to widespread frustration with tourist behaviour.

Main complaints by nationality by Thais:

Chinese tourists:  Travel in large, loud groups,  
often rude and disrespectful. 
Refuse Thai food, only https://t.co/KsOvS6V00M",2036459340685865132,https://pbs.twimg.com/media/HELzkZoaIAA6ssL.jpg,,en,,572,895,5669,,9.618385566111498e+17,,0,1,0,Thailand sedang mempertimbangkan untuk memperpendek visa turis dari hari ke hari karena rasa frustrasi yang meluas terhadap perilaku turis Keluhan utama berdasarkan kewarganegaraan oleh turis Tiongkok asal Thailand bepergian dalam kelompok besar yang berisik sering kali bersikap kasar dan tidak sopan hanya menolak makanan Thailand,39,Thailand sedang mempertimbangkan untuk memperpendek visa turis dari hari ke hari karena rasa frustrasi yang meluas terhadap perilaku turis Keluhan utama berdasarkan kewarganegaraan oleh turis Tiongkok asal Thailand bepergian dalam kelompok besar yang berisik sering kali bersikap kasar dan tidak sopan hanya menolak makanan Thailand,"Pelanggaran Etika & Perilaku, Regulasi & Kebijakan",True
379444844092854274,Mon Sep 16 03:21:15 +0000 2013,0,Tattoo ditakuti tpi industri porn maju trs RT @detikcom: Turis Perempuan Bertato Dilarang ke Pemandian Umum di Jepang http://t.co/Ah6Xo1iNgs,379444844092854274,,,in,,0,0,0,,220680347.0,,0,1,1,tattoo ditakuti tpi industri porn maju trs rt turis perempuan bertato dilarang ke pemandian umum di jepang,17,tattoo ditakuti tpi industri porn maju terus rt turis perempuan bertato dilarang ke pemandian umum di jepang,"Pelanggaran Etika & Perilaku, Regulasi & Kebijakan",True
1893125032311759038,Sat Feb 22 02:25:54 +0000 2025,595,I’m really enjoying Japan but the disrespectful tourist problem is 10 times worse than when I was here last. Christ alive,1893125032311759038,,,en,,0,8,25,,9.624589898994729e+17,,0,0,0,Saya benar-benar menikmati Jepang tetapi masalah turis yang tidak sopan jauh lebih buruk daripada saat saya di sini terakhir kali masih hidup,20,Saya benar-benar menikmati Jepang tetapi masalah turis yang tidak sopan jauh lebih buruk daripada saat saya di sini terakhir kali masih hidup,Pelanggaran Etika & Perilaku,True
1851640112708301112,Wed Oct 30 14:59:43 +0000 2024,1558,"3. Silence in the Streets

No one walks around wearing AirPods or headphones.

People are fully present.

This creates a mindful atmosphere that’s a stark contrast to the constant background noise in the US. https://t.co/b4Vn09Cbud",1851640129275711721,https://pbs.twimg.com/media/GbJXJf_XYAAL34A.jpg,R44D,en,,265,48,85,,31078267.0,,0,1,0,keheningan di jalanan tidak ada seorang pun yang berjalan-jalan mengenakan airpod atau headphone. Orang-orang hadir sepenuhnya. Hal ini menciptakan suasana penuh perhatian yang sangat kontras dengan kebisingan latar belakang yang terus-menerus terjadi di AS.,33,keheningan di jalanan tidak ada seorang pun yang berjalan-jalan mengenakan airpod atau headphone. Orang-orang hadir sepenuhnya. Hal ini menciptakan suasana penuh perhatian yang sangat kontras dengan kebisingan latar belakang yang terus-menerus terjadi di AS.,"Overtourism & Keramaian, Pelanggaran Etika & Perilaku",True
1890722116116369862,Sat Feb 15 17:24:32 +0000 2025,0,@callistoroll Shit when I go to Japan this year if I see annoying tourist I’m kicking their ass too,1890814462535327757,,callistoroll,en,,0,0,0,,1.473734086049022e+18,,0,0,1,"sial ketika aku pergi ke Jepang tahun ini jika aku melihat turis yang menyebalkan, aku juga akan menendang pantat mereka",18,"sial ketika saya pergi ke Jepang tahun ini jika saya melihat turis yang menyebalkan, saya juga akan menendang pantat mereka",Pelanggaran Etika & Perilaku,False
2024755903480943019,Fri Feb 20 08:00:00 +0000 2026,0,"Fujiyoshida, Jepang , Pemerintah Kota Fujiyoshida, Prefektur Yamanashi, memutuskan untuk tidak menyelenggarakan Shinakurayama Sengen Park Sakura Festival pada musim semi 2026.

#TreavelJepang

https://t.co/LxmT1IAHQO",2024755903480943019,,,in,,0,0,0,,69876693.0,,0,1,0,fujiyoshida jepang pemerintah kota fujiyoshida prefektur yamanashi memutuskan untuk tidak menyelenggarakan shinakurayama sengen park sakura festival pada musim semi,19,fujiyoshida jepang pemerintah kota fujiyoshida prefektur yamanashi memutuskan untuk tidak menyelenggarakan shinakurayama sengen park sakura festival pada musim semi,Regulasi & Kebijakan,True
1728263710083067228,Mon Apr 13 21:36:57 +0000 2026,0,Saya setuju sih kalau Jepang mau nerapin pajak wisata lebih tinggi biar bisa nyaring turis yang datang. Setuju ga nih?,1728263710083993682,,,in,,16,21,0,1.7282637100839936e+18,790387459.0,user_4596,0,0,0,saya setuju sih kalau jepang mau nerapin pajak wisata lebih tinggi biar bisa nyaring turis yang datang setuju ga nih,20,saya setuju  kalau jepang mau nerapin pajak wisata lebih tinggi biar bisa nyaring turis yang datang setuju tidak nih,Regulasi & Kebijakan,True
343961041241272320,Mon Jun 10 05:21:17 +0000 2013,0,Rombongan turis ABG Jepang &amp; Korea itu super berisik!!,343961041241272320,,,in,,0,0,0,,109462695.0,,0,0,0,rombongan turis abg jepang korea itu super berisik,8,rombongan turis abg jepang korea itu super berisik,Pelanggaran Etika & Perilaku,True
1896303379091234956,Sun Mar 02 20:55:31 +0000 2025,0,"Lawan Overtourism, Jepang Naikkan Pajak untuk Turis https://t.co/DUYzwPIgeP",1896303379091234956,,,in,,0,0,0,,240113510.0,,0,1,0,lawan overtourism jepang naikkan pajak untuk turis,7,lawan overtourism jepang naikkan pajak untuk turis,"Overtourism & Keramaian, Regulasi & Kebijakan",True
345803420562767872,Sat Jun 15 07:22:14 +0000 2013,0,"not bad lah inggris gue, bukti nya gue sukses bikin tuh turis jepang ketawa.. senyum nya itu loh.. bisa menghilangkan ""sesak boker"" gue :))",345803420562767872,,,in,,0,0,0,,155598016.0,,0,0,0,"Bahasa inggrisku lumayan, buktinya aku berhasil membuat turis jepang tertawa, senyum itu bisa menghilangkan kemacetan bokerku",23,"Bahasa inggrisku lumayan, buktinya saya berhasil membuat turis jepang tertawa, senyum itu bisa menghilangkan kemacetan bokerku",Lain-lain,True
1887864926614511571,Sun Apr 19 16:36:31 +0000 2026,5,"Dulu liat turis Jepang di Indo rapih banget, tapi giliran turis asing ke Jepang malah pada berantakan wkwk. Harus ada sanksi tegas.",1887864926615349002,,,in,,0,4,0,1.887864926615349e+18,2238392031.0,user_2409,0,0,0,dulu liat turis jepang di indo rapih banget tapi giliran turis asing ke jepang malah pada berantakan wkwk harus ada sanksi tegas,22,dulu melihat turis jepang di indo rapih sekali tapi giliran turis asing ke jepang malah pada berantakan  harus ada sanksi tegas,Lain-lain,True
1015501731411554309,Sat Jul 07 08:08:02 +0000 2018,14,"@yunartowijaya 3) Ini mirip dgn sempat beredarnya gosip turis Cina “menguasai” Ubud. Menurut statistika penginapan2 lokal, tetap lbh banyak turis Jepang. Tapi Jepun itu gak ribut, not drawing attention to themselves. Turis Cina bbrp kali di-kickout krn terlalu berisik. @imanbr",1015507721146077184,,yunartowijaya,in,,0,2,8,,182773459.0,,0,0,2,ini mirip dgn sempat beredarnya gosip turis cina menguasai ubud menurut statistika penginapan lokal tetap lbh banyak turis jepang tapi jepun itu gak ribut not drawing attention to themselves turis cina bbrp kali dikickout krn terlalu berisik,37,ini mirip dengan sempat beredarnya gosip turis cina menguasai ubud menurut statistika penginapan lokal tetap lbh banyak turis jepang tapi jepun itu gak ribut not drawing attention to themselves turis cina bbrp kali dikickout karena terlalu berisik,"Pelanggaran Etika & Perilaku, Regulasi & Kebijakan",True
1790211205178802199,Tue May 14 02:43:06 +0000 2024,0,Belum ke Japan tapi karena ulah turis yang ngawur jadi nggabisa experience jajan Lawson sambil liat Gunung Fuji besok kalo kesana😭,1790211205178802199,,,in,,0,0,0,,111507703.0,,1,0,0,belum ke japan tapi karena ulah turis yang ngawur jadi nggabisa experience jajan lawson sambil liat gunung fuji besok kalo kesana,21,belum ke japan tapi karena ulah turis yang ngawur jadi nggabisa experience jajan lawson sambil melihat gunung fuji besok kalau kesana,Lain-lain,True
2039168083496218741,Wed Apr 01 23:38:37 +0000 2026,0,@kanaxpon Exactly. I get embarrassed everytime I see an American tourist doing stupid things in Japan and being rude. It makes the rest of us look bad and we’re not like that.,2039487631428555235,,kanaxpon,en,,0,1,0,,1.6365641394045624e+18,,0,0,1,sebenarnya aku merasa malu setiap kali aku melihat seorang turis Amerika melakukan hal-hal bodoh di Jepang dan bersikap kasar itu membuat kita semua terlihat buruk dan tidak seperti itu,31,sebenarnya saya merasa malu setiap kali saya melihat seorang turis Amerika melakukan hal-hal bodoh di Jepang dan bersikap kasar itu membuat kita semua terlihat buruk dan tidak seperti itu,Pelanggaran Etika & Perilaku,True
1558327890569232169,Thu Apr 09 23:07:02 +0000 2026,3,"Udah bener Jepang nerapin sistem pendaftaran JESTA, biar bisa screening turis yang mau datang. Gila sih kalau dibiarin terus.",1558327890569322845,,,in,,0,30,0,1.5583278905693228e+18,9572028900.0,user_6299,0,0,0,udah bener jepang nerapin sistem pendaftaran jesta biar bisa screening turis yang mau datang gila sih kalau dibiarin terus,19,sudah benar jepang nerapin sistem pendaftaran jesta biar bisa screening turis yang mau datang gila  kalau dibiarin terus,Regulasi & Kebijakan,True
422866229393502208,Mon Jan 13 23:02:20 +0000 2014,0,"Yah norak amat,, RT""@kompascom: Turis Jepang Terpikat Keunikan Bunga Rafflesia http://t.co/mdZFfnYton http://t.co/EU6FsisGPF""",422866229393502208,https://pbs.twimg.com/media/Bd5SF-iCMAEzV3_.jpg,,in,,0,0,0,,1269282936.0,,0,2,1,yah norak amat rt turis jepang terpikat keunikan bunga rafflesia,10,yah norak amat rt turis jepang terpikat keunikan bunga rafflesia,Lain-lain,True
47991775599656960,Wed Mar 16 12:05:05 +0000 2011,0,Menbudpar: Kunjungan Turis Jepang Akan Terganggu Sebentar: Menteri Kebudayaan dan Pariwisata (Menbud... http://bit.ly/eXVH4M Antara News,47991775599656960,,,in,,0,0,0,,150312303.0,,0,1,0,menbudpar kunjungan turis jepang akan terganggu sebentar menteri kebudayaan dan pariwisata menbud antara news,14,menbudpar kunjungan turis jepang akan terganggu sebentar menteri kebudayaan dan pariwisata menbud antara news,Lain-lain,True
1879433099412717775,Wed Jan 15 16:02:07 +0000 2025,0,@callistoroll Well it didn’t help some people moved to Japan to hoarse them also doesn’t help that many tourist also were very rude to locals. It doesn’t make what they do right but I can see why they do it. Still sad it comes to this honestly,1879559700225962272,,callistoroll,en,,0,0,0,,7.581114732143247e+17,,0,0,1,"baik itu tidak membantu beberapa orang pindah ke Jepang untuk membuat mereka serak juga tidak membantu banyak turis juga sangat kasar kepada penduduk setempat itu tidak membuat apa yang mereka lakukan benar tetapi saya dapat melihat mengapa mereka melakukannya masih menyedihkan, sejujurnya ini terjadi",46,"baik itu tidak membantu beberapa orang pindah ke Jepang untuk membuat mereka serak juga tidak membantu banyak turis juga sangat kasar kepada penduduk setempat itu tidak membuat apa yang mereka lakukan benar tetapi saya dapat melihat mengapa mereka melakukannya masih menyedihkan, sejujurnya ini terjadi","Pelanggaran Etika & Perilaku, Regulasi & Kebijakan",False
727721849044520961,Wed May 04 04:49:43 +0000 2016,0,"Turis Jepang baru saja membawa piring kotor sambil buang kotorannya di tmpt sampah di JCO, bisa ditiru kan? @JcoIndonesia @YukBSPT",727721849044520961,,,in,,0,0,1,,2527149301.0,,0,0,2,turis jepang baru saja membawa piring kotor sambil buang kotorannya di tmpt sampah di jco bisa ditiru kan,18,turis jepang baru saja membawa piring kotor sambil buang kotorannya di tmpt sampah di jco bisa ditiru kan,Pelanggaran Etika & Perilaku,True
1973723020359484448,Tue Mar 31 07:04:36 +0000 2026,7,Wacana pemerintah Jepang naikin tarif kereta untuk turis asing tuh ide bagus banget buat ngurangin kepadatan. Semoga turis kita nggak gitu.,1973723020360099879,,,in,,5,0,0,1.9737230203600998e+18,619795371.0,user_9149,0,0,0,wacana pemerintah jepang naikin tarif kereta untuk turis asing tuh ide bagus banget buat ngurangin kepadatan semoga turis kita nggak gitu,21,wacana pemerintah jepang menaikkan tarif kereta untuk turis asing tuh ide bagus sekali buat ngurangin kepadatan semoga turis kita tidak begitu,"Overtourism & Keramaian, Regulasi & Kebijakan, Isu Ekonomi & Harga",True
1930645336059482489,Thu Jun 05 21:27:13 +0000 2025,1,"@UnseenJapanSite The no-bins policy is annoying.  At home, I can carry trash to my car so it’s a short annoyance but as a tourist, I’m walking about for hours w/accumulating trash?  I bought less snacks &amp; souvenirs in Japan than Europe because Japanese shops ironically overwrap everything.",1930738203159654845,,UnseenJapanSite,en,,0,0,0,,17265900.0,,0,0,1,kebijakan nobins menjengkelkan di rumah aku bisa membawa sampah ke mobilku jadi itu hanya gangguan singkat tetapi sebagai turis aku berjalan berjam-jam mengumpulkan sampah aku membeli lebih sedikit suvenir makanan ringan di Jepang daripada di Eropa karena toko-toko Jepang ironisnya membungkus semuanya,45,kebijakan nobins menjengkelkan di rumah saya bisa membawa sampah ke mobilku jadi itu hanya gangguan singkat tetapi sebagai turis saya berjalan berjam-jam mengumpulkan sampah saya membeli lebih sedikit suvenir makanan ringan di Jepang daripada di Eropa karena toko-toko Jepang ironisnya membungkus semuanya,Pelanggaran Etika & Perilaku,True
1545351135804042416,Fri Mar 20 02:31:20 +0000 2026,0,"Overtourism di Jepang udah level kronis, tiket wisata harganya dinaikkan berkali-kali lipat buat turis asing. Wajar sih warga sana marah.",1545351135804780551,,,in,,0,2,0,1.5453511358047805e+18,1390249183.0,user_6778,0,0,0,overtourism di jepang udah level kronis tiket wisata harganya dinaikkan berkalikali lipat buat turis asing wajar sih warga sana marah,20,overtourism di jepang sudah level kronis tiket wisata harganya dinaikkan berkalikali lipat buat turis asing wajar  warga sana marah,"Overtourism & Keramaian, Regulasi & Kebijakan, Isu Ekonomi & Harga",True
2020657135076720748,Mon Feb 09 07:24:56 +0000 2026,5,"@not2believe @TalismanGaruda1 Kejadian di Jepang itu belum seberapa. Glorifikasi agama memang tolol. Ibarat peler. Mau dia gede, berurat, bengkok dikit, dan kamu bangga. Nggak masalah. Yang jadi masalah kalo di-pamerin.

Tidak usah bicara geopolitik. Turis dari tiga itu dan US sering kelakuan kayak babi.",2020760813284544775,,not2believe,in,,0,1,0,,1.9695063468329697e+18,,0,0,2,kejadian di jepang itu belum seberapa glorifikasi agama memang tolol ibarat peler mau dia gede berurat bengkok dikit dan kamu bangga nggak masalah yang jadi masalah kalo dipamerin tidak usah bicara geopolitik turis dari tiga itu dan us sering kelakuan kayak babi,42,kejadian di jepang itu belum seberapa glorifikasi agama memang tolol ibarat peler mau dia gede berurat bengkok dikit dan kamu bangga tidak masalah yang jadi masalah kalau dipamerin tidak usah bicara geopolitik turis dari tiga itu dan us sering kelakuan seperti babi,Regulasi & Kebijakan,True
1923776323811762555,Sun May 18 07:50:41 +0000 2025,0,"@thinking_panda Again. Naive take. Overtourism is a problem. If not Japan, look at Thailand.  I went there and all I can see is tourist.  Everything good could be over if it is too much.",1924009731452174672,,thinking_panda,en,,0,1,0,,3024795678.0,,0,0,1,sekali lagi naif mengambil alih pariwisata adalah masalah jika bukan jepang lihat di thailand saya pergi ke sana dan yang bisa saya lihat hanyalah turis semua hal baik bisa berakhir jika terlalu banyak,33,sekali lagi naif mengambil alih pariwisata adalah masalah jika bukan jepang lihat di thailand saya pergi ke sana dan yang bisa saya lihat hanyalah turis semua hal baik bisa berakhir jika terlalu banyak,"Overtourism & Keramaian, Regulasi & Kebijakan",True
1898678861883445467,Sun Mar 09 11:35:56 +0000 2025,0,"@OhayoMybrother I wanna visit Japan one day, but I'm afraid that they'll think I'm an annoying tourist. It's a shame that foreigners (not all of them, of course) disrespect another country's culture",1898699269382582287,,OhayoMybrother,en,,0,0,0,,1.884764127039746e+18,,0,0,1,"Aku ingin mengunjungi Jepang suatu hari nanti, tapi aku takut mereka akan menganggapku turis yang menyebalkan, sayang sekali karena orang asing, tidak semua dari mereka tentu saja tidak menghormati budaya negara lain.",31,"Aku ingin mengunjungi Jepang suatu hari nanti, tapi saya takut mereka akan menganggapku turis yang menyebalkan, sayang sekali karena orang asing, tidak semua dari mereka tentu saja tidak menghormati budaya negara lain.",Lain-lain,True
1894889844851052659,Wed Feb 26 23:25:19 +0000 2025,1,"@SteveStyro Um...not ""sleeping"".  These ladies were drugged/roofied.  Japan is well known to have a ""slipped ya a mickey"" problem.  From what I have found...It's a problem targeted against tourist from the west as well.",1894891522996478352,,dallasppliam,en,,0,0,0,,1.4712385089917706e+18,,0,0,1,"um tidak tidur, wanita-wanita ini dibius, Jepang terkenal punya masalah mickey yang terpeleset, dari apa yang kutemukan, ini adalah masalah yang ditargetkan pada turis dari barat juga",33,"um tidak tidur, wanita-wanita ini dibius, Jepang terkenal punya masalah mickey yang terpeleset, dari apa yang kutemukan, ini adalah masalah yang ditargetkan pada turis dari barat juga",Lain-lain,True
1922699973340078544,Thu May 15 03:24:29 +0000 2025,0,"@AleSh09758566 @SaraGonzalesTX Between 76 and 88 countries have a tipping culture, depending on the definition. Tipping is customary in places like the US and Canada, where 15-20% is standard, but not in Japan or China, where it may be seen as rude. The range varies because some count only mandatory tipping",1922855578659062083,,AleSh09758566,en,,0,1,0,,1.7206651831889224e+18,,0,0,2,"antar negara mempunyai budaya pemberian tip, tergantung pada definisinya, pemberian tip adalah hal yang lazim di negara-negara seperti AS dan Kanada yang merupakan standar, namun tidak di Jepang atau Tiongkok yang mungkin menganggap pemberian tip sebagai hal yang tidak sopan. Kisarannya bervariasi karena beberapa negara hanya menghitung pemberian tip wajib",46,"antar negara mempunyai budaya pemberian tip, tergantung pada definisinya, pemberian tip adalah hal yang lazim di negara-negara seperti AS dan Kanada yang merupakan standar, namun tidak di Jepang atau Tiongkok yang mungkin menganggap pemberian tip sebagai hal yang tidak sopan. Kisarannya bervariasi karena beberapa negara hanya menghitung pemberian tip wajib",Pelanggaran Etika & Perilaku,True
1924665967054901454,Tue May 20 07:46:55 +0000 2025,0,"@FreeSeva0 @buzsokk In Japan, tipping is not customary and can be seen as rude, as it suggests workers aren't fairly paid. This cultural norm, rooted in respect for excellent service without extra payment, surprises many foreigners. Travel guides, like those from the Japan National Tourism",1924733563234353626,,Clips_Craze4,en,,0,0,0,,1.7206651831889224e+18,,0,0,2,di Jepang memberi tip bukanlah hal yang lazim dan dapat dianggap tidak sopan karena menunjukkan bahwa para pekerja tidak dibayar dengan adil. Norma budaya ini berakar pada penghormatan terhadap pelayanan prima tanpa pembayaran tambahan. Kejutan bagi banyak pemandu wisata orang asing seperti yang berasal dari pariwisata nasional Jepang,43,di Jepang memberi tip bukanlah hal yang lazim dan dapat dianggap tidak sopan karena menunjukkan bahwa para pekerja tidak dibayar dengan adil. Norma budaya ini berakar pada penghormatan terhadap pelayanan prima tanpa pembayaran tambahan. Kejutan bagi banyak pemandu wisata orang asing seperti yang berasal dari pariwisata nasional Jepang,"Pelanggaran Etika & Perilaku, Regulasi & Kebijakan, Isu Ekonomi & Harga",True
1851640112708301112,Wed Oct 30 20:59:08 +0000 2024,0,"@R44D Visiting Japan and living here are two very different things. That said, I’ve been here 19 years, so there’s definitely merit to living here. The weak yen really hurts those who work here, and that’s a problem you probably benefited from greatly as a tourist.",1851730580976885782,,R44D,en,,0,0,0,,1.4055413939220234e+18,,0,0,1,"mengunjungi Jepang dan tinggal di sini adalah dua hal yang sangat berbeda yang mengatakan bahwa saya sudah berada di sini selama bertahun-tahun, jadi pasti ada manfaatnya tinggal di sini. Yen yang lemah benar-benar merugikan mereka yang bekerja di sini dan itu adalah masalah yang mungkin sangat Anda manfaatkan sebagai turis.",44,"mengunjungi Jepang dan tinggal di sini adalah dua hal yang sangat berbeda yang mengatakan bahwa saya sudah berada di sini selama bertahun-tahun, jadi pasti ada manfaatnya tinggal di sini. Yen yang lemah benar-benar merugikan mereka yang bekerja di sini dan itu adalah masalah yang mungkin sangat Anda manfaatkan sebagai turis.",Isu Ekonomi & Harga,True
47953945489973249,Wed Mar 16 09:34:46 +0000 2011,0,"Kunjungan Wisatawan Jepang Terganggu: Menbudpar Jero Wacik mengatakan, kunjungan wisatawan ... http://bit.ly/fL3ugL http://jidatbaok.com",47953945489973249,,,in,,0,0,0,,147119496.0,,0,2,0,kunjungan wisatawan jepang terganggu menbudpar jero wacik mengatakan kunjungan wisatawan,10,kunjungan wisatawan jepang terganggu menbudpar jero wacik mengatakan kunjungan wisatawan,Lain-lain,True
318291064580608000,Sun Mar 31 09:17:58 +0000 2013,0,"bilang fans jekate sampah, goblok, gak berguna ?? pikir. karena ada jekate maka banyak turis jepang ke indonesia. nambahin devisa negara",318291064580608000,,,in,,0,1,0,,167355271.0,,0,0,0,bilang fans jekate sampah goblok gak berguna pikir karena ada jekate maka banyak turis jepang ke indonesia nambahin devisa negara,20,bilang fans jekate sampah goblok gak berguna pikir karena ada jekate maka banyak turis jepang ke indonesia nambahin devisa negara,"Pelanggaran Etika & Perilaku, Regulasi & Kebijakan",True
1869363892000092384,Wed Dec 18 12:47:37 +0000 2024,0,"Taking such ""tourist"" related problem into consideration, I guess perhaps it can say that advertising Japan and its urban area through this sorta video whose image looks considerably beautified might be not a good plan. Depending on case it may end up as counterproductive.",1869363892000092384,,,en,,0,0,0,,589626139.0,,0,0,0,"mempertimbangkan masalah wisata seperti itu, saya kira mungkin dapat dikatakan bahwa mengiklankan Jepang dan kawasan perkotaannya melalui video yang gambarnya terlihat sangat indah ini mungkin bukan rencana yang baik, tergantung pada kasusnya, hal itu dapat berakhir sebagai kontraproduktif.",44,"mempertimbangkan masalah wisata seperti itu, saya kira mungkin dapat dikatakan bahwa mengiklankan Jepang dan kawasan perkotaannya melalui video yang gambarnya terlihat sangat indah ini mungkin bukan rencana yang baik, tergantung pada kasusnya, hal itu dapat berakhir sebagai kontraproduktif.",Regulasi & Kebijakan,True
918449531364233216,Thu Oct 12 12:13:26 +0000 2017,0,"tapi malesnya ke jepang kalo ketemu rombongan turis Indonesia, berisik ...dan rada2 norak  : |",918449531364233216,,,in,,0,0,0,,33879850.0,,0,0,0,tapi malesnya ke jepang kalo ketemu rombongan turis indonesia berisik dan rada norak,13,tapi malesnya ke jepang kalau ketemu rombongan turis indonesia berisik dan rada norak,Pelanggaran Etika & Perilaku,True
1939372480931516560,Mon Jun 30 04:39:13 +0000 2025,0,"@muxacka @kirawontmiss The average tip percentage globally, excluding the U.S. and Canada, is roughly 5-10% in places where tipping is customary. In Europe, 5-10% is common, often just rounding up the bill. In Asia, like Japan, tipping is often not expected or even rude. Australia and New Zealand",1939544226309763232,,muxacka,en,,0,1,0,,1.7206651831889224e+18,,0,0,2,"persentase tip rata-rata secara global kecuali AS dan Kanada kira-kira berada di negara-negara di mana pemberian tip merupakan hal yang lazim di Eropa, sering kali hanya mengumpulkan tagihan di Asia, seperti di Jepang, pemberian tip sering kali tidak diharapkan atau bahkan tidak sopan di Australia dan Selandia Baru",44,"persentase tip rata-rata secara global kecuali AS dan Kanada kira-kira berada di negara-negara di mana pemberian tip merupakan hal yang lazim di Eropa, sering kali hanya mengumpulkan tagihan di Asia, seperti di Jepang, pemberian tip sering kali tidak diharapkan atau bahkan tidak sopan di Australia dan Selandia Baru",Pelanggaran Etika & Perilaku,True
