conversation_id_str,created_at,favorite_count,full_text,id_str,image_url,in_reply_to_screen_name,lang,location,quote_count,reply_count,retweet_count,tweet_url,user_id_str,username,jml_emoji,jml_link,jml_mention,cleaned_text,jml_kata,normalized_text,label
1561098450617148815,Thu Apr 30 05:37:52 +0000 2026,9,"Coba aja liat di Asakusa atau Shibuya, sumpek banget isinya turis semua, warga aslinya malah pada nepi. Sedih liatnya.",1561098450617605090,,,in,,0,0,9,1.561098450617605e+18,3729739731.0,,0,0,0,coba aja liat di asakusa atau shibuya sumpek banget isinya turis semua warga aslinya malah pada nepi sedih liatnya,19,coba saja liat di asakusa atau shibuya sumpek sekali isinya turis semua warga aslinya malah pada nepi sedih liatnya,Lain-lain
1873399466662797804,Sun Dec 29 16:03:33 +0000 2024,12,"10 things to avoid when travelling on trains in Japan.
- Top 10 annoying foreign tourist behaviors on trains, as …… https://t.co/pOzAtnZErc",1873399466662797804,,,en,,0,0,4,,259572063.0,,0,1,0,things to avoid when travelling on trains in japan top annoying foreign tourist behaviors on trains as ……,18,things to avoid when travelling on trains in japan top annoying foreign tourist behaviors on trains as ……,Lain-lain
727721849044520961,Wed May 04 04:49:43 +0000 2016,0,"Turis Jepang baru saja membawa piring kotor sambil buang kotorannya di tmpt sampah di JCO, bisa ditiru kan? @JcoIndonesia @YukBSPT",727721849044520961,,,in,,0,0,1,,2527149301.0,,0,0,2,turis jepang baru saja membawa piring kotor sambil buang kotorannya di tmpt sampah di jco bisa ditiru kan,18,turis jepang baru saja membawa piring kotor sambil buang kotorannya di tmpt sampah di jco bisa ditiru kan,Pelanggaran Etika & Perilaku
1896121935370547252,Tue Mar 04 01:22:15 +0000 2025,1,"@zhao_dashuai It seems many foreigners have it all wrong.

The “Tokyo” that most tourists visit is nothing more than a tourist city. As a result, prices there are two to three times higher than in other parts of Japan.

Foreign visitors often conclude that Japanese food is expensive simply",1896732892996505986,,zhao_dashuai,en,,0,0,0,,1.7167704122003988e+18,,0,0,1,it seems many foreigners have it all wrong the “tokyo” that most tourists visit is nothing more than a tourist city as a result prices there are two to three times higher than in other parts of japan foreign visitors often conclude that japanese food is expensive simply,48,it seems many foreigners have it all wrong the “tokyo” that most tourists visit is nothing more than a tourist city as a result prices there are two to three times higher than in other parts of japan foreign visitors often conclude that japanese food is expensive simply,Lain-lain
2005342486597327023,Sun Mar 22 19:53:35 +0000 2026,3,Wacana pemerintah Jepang naikin tarif kereta untuk turis asing tuh ide bagus banget buat ngurangin kepadatan. Harus ada sanksi tegas.,2005342486598050584,,someone,in,,0,0,0,2.0053424865980506e+18,4567949379.0,user_8788,0,0,0,wacana pemerintah jepang naikin tarif kereta untuk turis asing tuh ide bagus banget buat ngurangin kepadatan harus ada sanksi tegas,20,wacana pemerintah jepang naikin tarif kereta untuk turis asing tuh ide bagus sekali buat ngurangin kepadatan harus ada sanksi tegas,"Overtourism & Keramaian, Regulasi & Kebijakan"
1873355321412087848,Sun Dec 29 13:08:08 +0000 2024,0,"@akm_sbt Having fun? It's 2025, soon. Hope I can travel to Japan. Always wanted to visit, but don't want to be an annoying tourist. Now I have few reasons to do so. Wow! Lots of airports. Not sure where to visit, first. May need to get native guide. Any ideas. Welcome input. 😎👍",1873355321412087848,,akm_sbt,en,,0,0,0,,1.8451763530935337e+18,,2,0,1,having fun its soon hope i can travel to japan always wanted to visit but dont want to be an annoying tourist now i have few reasons to do so wow lots of airports not sure where to visit first may need to get native guide any ideas welcome input,50,having fun its soon hope i can travel to japan always wanted to visit but dont want to be an annoying tourist now i have few reasons to do so wow lots of airports not sure where to visit first may need to get native guide any ideas welcome input,Lain-lain
2039202105152454802,Wed Apr 01 06:20:12 +0000 2026,0,"@Fen0505 @LuigiMetal64 @ChibiReviews In anime communities (esp. 4chan /a/, old otaku circles), ""tourist"" is slang for casual/new fans who only watch trendy mainstream hits, bandwagon on memes/hype, then dip out. It's derogatory gatekeeping for outsiders who don't commit to the deep lore, classics, or Japanese",2039226304168403099,,Fen0505,en,,0,0,0,,1.7206651831889224e+18,,0,0,3,in anime communities esp chan a old otaku circles tourist is slang for casualnew fans who only watch trendy mainstream hits bandwagon on memeshype then dip out its derogatory gatekeeping for outsiders who dont commit to the deep lore classics or japanese,42,in anime communities esp chan a old otaku circles tourist is slang for casualnew fans who only watch trendy mainstream hits bandwagon on memeshype then dip out its derogatory gatekeeping for outsiders who dont commit to the deep lore classics or japanese,Lain-lain
1947537006182879268,Thu Mar 26 00:58:31 +0000 2026,9,Saya setuju sih kalau Jepang mau nerapin pajak wisata lebih tinggi biar bisa nyaring turis yang datang. Nggak habis pikir.,1947537006183505031,,,in,,0,13,50,1.9475370061835052e+18,9849936026.0,user_5727,0,0,0,saya setuju sih kalau jepang mau nerapin pajak wisata lebih tinggi biar bisa nyaring turis yang datang nggak habis pikir,20,saya setuju sih kalau jepang mau nerapin pajak wisata lebih tinggi biar bisa nyaring turis yang datang nggak habis pikir,Regulasi & Kebijakan
1795706594216620285,Wed May 29 18:24:51 +0000 2024,14,@zahratunnisaf jadi inget dulu di kereta ada turis cina lg ngobrol suaranya agak keras.. tiba2 ada aki2 pulang kerja mabok ngejambak tu turis cina sambil teriak “berisik!! ini jepang!! ngomong pake bahasa jepang!! kalian semua setuju kan!??” sambil nunjuk penumpang lain.,1795884023732121902,,zahratunnisaf,in,,0,1,0,,1.7440562070847775e+18,,0,0,1,jadi inget dulu di kereta ada turis cina lg ngobrol suaranya agak keras tiba ada aki pulang kerja mabok ngejambak tu turis cina sambil teriak “berisik ini jepang ngomong pake bahasa jepang kalian semua setuju kan” sambil nunjuk penumpang lain,40,jadi inget dulu di kereta ada turis cina lg ngobrol suaranya agak keras tiba ada aki pulang kerja mabok ngejambak tu turis cina sambil teriak “berisik ini jepang ngomong pake bahasa jepang kalian semua setuju kan” sambil nunjuk penumpang lain,Pelanggaran Etika & Perilaku
1915522277116174717,Thu Apr 24 21:48:43 +0000 2025,161,@Arin_Yumi Japan should do the same! Check if the “tourist” is an annoying streamer and then reject the Visa hahahaha,1915523323204972710,,Arin_Yumi,en,,0,7,2,,1.7220902195312804e+18,,0,0,1,japan should do the same check if the “tourist” is an annoying streamer and then reject the visa hahahaha,19,japan should do the same check if the “tourist” is an annoying streamer and then reject the visa hahahaha,Regulasi & Kebijakan
1940951587599356343,Sun Jul 06 12:27:08 +0000 2025,0,"@hdm_ed @OJoelsen The Netherlands  charge tourists land and water tax.  
Croatia charges a tourist tax fee. 
Some countries, like Japan and Costa Rica charge Tourists a tax before leaving the country.  Which I find annoying.",1941836311159054697,,hdm_ed,en,,0,0,0,,540779844.0,,0,0,2,the netherlands charge tourists land and water tax croatia charges a tourist tax fee some countries like japan and costa rica charge tourists a tax before leaving the country which i find annoying,33,the netherlands charge tourists land and water tax croatia charges a tourist tax fee some countries like japan and costa rica charge tourists a tax before leaving the country which i find annoying,Lain-lain
1614824666694329228,Tue Apr 07 21:54:05 +0000 2026,0,"Coba aja liat di Asakusa atau Shibuya, sumpek banget isinya turis semua, warga aslinya malah pada nepi. Hmmm...",1614824666694386353,,,in,,0,0,50,1.6148246666943864e+18,7310173144.0,,0,0,0,coba aja liat di asakusa atau shibuya sumpek banget isinya turis semua warga aslinya malah pada nepi hmmm,18,coba saja liat di asakusa atau shibuya sumpek sekali isinya turis semua warga aslinya malah pada nepi hmmm,Lain-lain
1851560547755741508,Wed Oct 30 09:43:29 +0000 2024,82,"Gunung Fuji, ikon Jepang yang biasanya berselimut salju di bulan Oktober, hingga akhir bulan ini masih belum menunjukkan tanda-tanda hujan salju. Menurut Badan Cuaca Jepang, kondisi ini pertama kalinya terjadi dalam 130 tahun, di mana salju biasanya mulai terbentuk di Gunung Fuji https://t.co/gn4kTFjnTA",1851560547755741508,https://pbs.twimg.com/media/GbIQgLdbsAAvwSX.jpg,,in,,4,2,31,,483310591.0,,0,1,0,gunung fuji ikon jepang yang biasanya berselimut salju di bulan oktober hingga akhir bulan ini masih belum menunjukkan tandatanda hujan salju menurut badan cuaca jepang kondisi ini pertama kalinya terjadi dalam tahun di mana salju biasanya mulai terbentuk di gunung fuji,41,gunung fuji ikon jepang yang biasanya berselimut salju di bulan oktober hingga akhir bulan ini masih belum menunjukkan tandatanda hujan salju menurut badan cuaca jepang kondisi ini pertama kalinya terjadi dalam tahun di mana salju biasanya mulai terbentuk di gunung fuji,Lain-lain
1969401160084963514,Sat Sep 20 17:50:31 +0000 2025,3,"@harukaawake Here in Japan at the moment, the trashcan situation is really annoying as an American tourist (who cares more than most about recycling at home).

They barely have any, and when you find them, you have to channel your inner chemical engineer and ask yourself ""will it burn?"" https://t.co/CnKuz9R5Gg",1969459170312151215,https://pbs.twimg.com/media/G1TsqsqWYAA8oDH.jpg,harukaawake,en,,0,0,0,,18367227.0,,0,1,1,here in japan at the moment the trashcan situation is really annoying as an american tourist who cares more than most about recycling at home they barely have any and when you find them you have to channel your inner chemical engineer and ask yourself will it burn,48,here in japan at the moment the trashcan situation is really annoying as an american tourist who cares more than most about recycling at home they barely have any and when you find them you have to channel your inner chemical engineer and ask yourself will it burn,Lain-lain
1907928605335892031,Thu Apr 03 22:50:01 +0000 2025,0,Avoid These Tourist Mistakes in Japan! #tourism #japan #viral #traveljap... https://t.co/Zkot0PlECm via @YouTube #japan #japon #tourism #overtourism #japanesegirls #manga #AnimeJapan2025,1907928605335892031,,,en,,0,0,0,,1.4857976407388652e+18,,0,1,1,avoid these tourist mistakes in japan via,7,avoid these tourist mistakes in japan via,Lain-lain
1974113909209813222,Sat Oct 04 09:54:56 +0000 2025,0,"@pelercaleb overtourism apalagi klo pelakuna turis2 western yg ga sopan, jepang jdi makin nutup jg  🙄",1974412916003856451,,pelercaleb,in,,0,0,0,,1.2656267849863045e+18,,1,0,1,overtourism apalagi klo pelakuna turis western yg ga sopan jepang jdi makin nutup jg,14,overtourism apalagi kalau pelakuna turis western yang ga sopan jepang jdi makin nutup jg,"Overtourism & Keramaian, Pelanggaran Etika & Perilaku"
1526143738313397547,Mon Apr 13 04:40:22 +0000 2026,0,Wacana pemerintah Jepang naikin tarif kereta untuk turis asing tuh ide bagus banget buat ngurangin kepadatan. Sedih liatnya.,1526143738313960803,,,in,,0,0,0,1.5261437383139607e+18,6753088517.0,,0,0,0,wacana pemerintah jepang naikin tarif kereta untuk turis asing tuh ide bagus banget buat ngurangin kepadatan sedih liatnya,18,wacana pemerintah jepang naikin tarif kereta untuk turis asing tuh ide bagus sekali buat ngurangin kepadatan sedih liatnya,"Overtourism & Keramaian, Regulasi & Kebijakan"
1953543249123324144,Fri Aug 08 04:16:11 +0000 2025,0,"@all_japan_voice @elonmusk I was just in japan and heard the movement the Sanseito party gains, but you are wrong. Japan has some of the strictest immigration policies of the developed world. You don't have a migrant problem; you have a tourist problem. Those bring money though.",1953671558834073916,,all_japan_voice,en,,0,1,0,,1.2671997610457416e+18,,0,0,2,i was just in japan and heard the movement the sanseito party gains but you are wrong japan has some of the strictest immigration policies of the developed world you dont have a migrant problem you have a tourist problem those bring money though,44,i was just in japan and heard the movement the sanseito party gains but you are wrong japan has some of the strictest immigration policies of the developed world you dont have a migrant problem you have a tourist problem those bring money though,Lain-lain
432705078894419968,Mon Feb 10 02:38:24 +0000 2014,1,Turis² cewek Jepang yang berisik itu mengingatkan saya pada sesuatu yang harus saya lupakan. *bakarVCDbajakan*,432705078894419968,,,in,,0,0,0,,57641536.0,,0,0,0,turis² cewek jepang yang berisik itu mengingatkan saya pada sesuatu yang harus saya lupakan bakarvcdbajakan,15,turis² cewek jepang yang berisik itu mengingatkan saya pada sesuatu yang harus saya lupakan bakarvcdbajakan,Pelanggaran Etika & Perilaku
1912067142968582582,Tue Apr 15 08:55:06 +0000 2025,80349,"Immigration is destroying Japan's high trust society.

Look at what's happening to the vending machines now 😡👇 https://t.co/TXixADUSd8",1912067142968582582,https://pbs.twimg.com/media/GokGdakWQAA1gM9.jpg,,en,,717,3136,8832,,8.207105965219512e+17,,2,1,0,immigration is destroying japans high trust society look at whats happening to the vending machines now,16,immigration is destroying japans high trust society look at whats happening to the vending machines now,Lain-lain
1881260903557103888,Mon Jan 20 08:42:07 +0000 2025,0,"Yokosuka City, Kanagawa Prefecture, Japan, is a popular tourist destination in the summer for its Japanese scenery.
However, there is a problem.
Sea levels are rising and beach sand is being hidden.

Therefore, beach sand is being bought from overseas to fill in the gaps.",1881260907722121241,,greekdemocracy2,en,,0,1,0,,1.830840661786108e+18,,0,0,0,yokosuka city kanagawa prefecture japan is a popular tourist destination in the summer for its japanese scenery however there is a problem sea levels are rising and beach sand is being hidden therefore beach sand is being bought from overseas to fill in the gaps,45,yokosuka city kanagawa prefecture japan is a popular tourist destination in the summer for its japanese scenery however there is a problem sea levels are rising and beach sand is being hidden therefore beach sand is being bought from overseas to fill in the gaps,Lain-lain
1914872722514936093,Wed Apr 23 03:03:29 +0000 2025,1,"@cremieuxrecueil After moving from USA to Japan it’s really striking how many dietary restrictions so many Americans have. 
American tourist requests something nutty is a problem",1914877760444752317,,cremieuxrecueil,en,,0,1,0,,2826966145.0,,0,0,1,after moving from usa to japan it’s really striking how many dietary restrictions so many americans have american tourist requests something nutty is a problem,25,after moving from usa to japan it’s really striking how many dietary restrictions so many americans have american tourist requests something nutty is a problem,Lain-lain
1878636611078066445,Mon Jan 13 16:40:49 +0000 2025,0,"@Mister2Meme @lightning_kf &gt;Have you forgotten how bad Foreigner Tourist have missbehave I Japan

Japan didn't had this problem until the Wuhan flu panic. Post-border closure, people who wanted to go can't due to how costly it is, while people who have money are the most obnoxious and narccistic people out",1878844663504736580,,Mister2Meme,en,,0,1,0,,1.1612260098086502e+18,,0,0,2,gthave you forgotten how bad foreigner tourist have missbehave i japan japan didnt had this problem until the wuhan flu panic postborder closure people who wanted to go cant due to how costly it is while people who have money are the most obnoxious and narccistic people out,48,gthave you forgotten how bad foreigner tourist have missbehave i japan japan didnt had this problem until the wuhan flu panic postborder closure people who wanted to go cant due to how costly it is while people who have money are the most obnoxious and narccistic people out,Lain-lain
1790211205178802199,Tue May 14 02:43:06 +0000 2024,0,Belum ke Japan tapi karena ulah turis yang ngawur jadi nggabisa experience jajan Lawson sambil liat Gunung Fuji besok kalo kesana😭,1790211205178802199,,,in,,0,0,0,,111507703.0,,1,0,0,belum ke japan tapi karena ulah turis yang ngawur jadi nggabisa experience jajan lawson sambil liat gunung fuji besok kalo kesana,21,belum ke japan tapi karena ulah turis yang ngawur jadi nggabisa experience jajan lawson sambil liat gunung fuji besok kalau kesana,Lain-lain
1949984205930102863,Tue Jul 29 07:51:38 +0000 2025,0,"@NSFW_crafts @Punished_Maximo I mean that already sounds like Japan but even more so. They didn't like the foreign influence and an annoying tourist, the yen tanking, illegals smuggled in by the UN and more local issues as well was setting this up.",1950101899874640238,,NSFW_crafts,en,,0,0,0,,1.4372392035243336e+18,,0,0,2,i mean that already sounds like japan but even more so they didnt like the foreign influence and an annoying tourist the yen tanking illegals smuggled in by the un and more local issues as well was setting this up,40,i mean that already sounds like japan but even more so they didnt like the foreign influence and an annoying tourist the yen tanking illegals smuggled in by the un and more local issues as well was setting this up,Isu Ekonomi & Harga
2041071951756193494,Tue Apr 28 14:34:47 +0000 2026,7,Pemerintah Jepang akhirnya turun tangan buat bikin aturan baru gara-gara ulah turis nakal yang meresahkan. Setuju ga nih?,2041071951757053226,,,in,,0,0,0,2.0410719517570532e+18,7301960854.0,,0,0,0,pemerintah jepang akhirnya turun tangan buat bikin aturan baru garagara ulah turis nakal yang meresahkan setuju ga nih,18,pemerintah jepang akhirnya turun tangan buat membuat aturan baru garagara ulah turis nakal yang meresahkan setuju ga nih,"Pelanggaran Etika & Perilaku, Regulasi & Kebijakan"
1902006445803208949,Tue Mar 18 14:37:28 +0000 2025,0,"https://t.co/PWbULtdVwf

Tourist Japan's cultural tours are transforming travel in Japan, providing an alternative to mass tourism and tackling the challenges of overtourism.",1902006445803208949,,,en,,0,0,0,,1.8782804738537923e+18,,0,1,0,tourist japans cultural tours are transforming travel in japan providing an alternative to mass tourism and tackling the challenges of overtourism,21,tourist japans cultural tours are transforming travel in japan providing an alternative to mass tourism and tackling the challenges of overtourism,Overtourism & Keramaian
1923776323811762555,Sun May 18 22:01:27 +0000 2025,0,"@xfalsch @thinking_panda Japan doesn't currently have an overtourism problem. They have far fewer visitors than Thailand, Spain, Italy, France, etc. Japan wasn't even traditionally a tourist hotspot because it used to be very expensive. Japan as a tourist destination is a recent phenomenon.",1924223835714334747,,xfalsch,en,,0,1,0,,1.8315518978633892e+18,,0,0,2,japan doesnt currently have an overtourism problem they have far fewer visitors than thailand spain italy france etc japan wasnt even traditionally a tourist hotspot because it used to be very expensive japan as a tourist destination is a recent phenomenon,41,japan doesnt currently have an overtourism problem they have far fewer visitors than thailand spain italy france etc japan wasnt even traditionally a tourist hotspot because it used to be very expensive japan as a tourist destination is a recent phenomenon,Overtourism & Keramaian
1222512350365794304,Wed Jan 29 13:30:32 +0000 2020,0,"pepesan.. Hindari Imbas Overtourism, Jepang Mengedukasi Turis dengan Video - Tempo https://t.co/kDed33yGYF",1222512350365794304,,,in,,0,0,0,,1227827642.0,,0,1,0,pepesan hindari imbas overtourism jepang mengedukasi turis dengan video tempo,10,pepesan hindari imbas overtourism jepang mengedukasi turis dengan video tempo,Overtourism & Keramaian
1948057081657319109,Sat Apr 11 08:35:15 +0000 2026,0,"Overtourism di Jepang udah level kronis, tiket wisata harganya dinaikkan berkali-kali lipat buat turis asing. Gimana menurut kalian?",1948057081657866611,https://pbs.twimg.com/media/7617ABCDE.jpg,,in,,0,0,2,1.9480570816578665e+18,7878803920.0,,0,0,0,overtourism di jepang udah level kronis tiket wisata harganya dinaikkan berkalikali lipat buat turis asing gimana menurut kalian,18,overtourism di jepang sudah level kronis tiket wisata harganya dinaikkan berkalikali lipat buat turis asing bagaimana menurut kalian,"Overtourism & Keramaian, Isu Ekonomi & Harga"
2031261505841418737,Tue Mar 10 07:58:27 +0000 2026,0,"@poppersiroyo @cirlland @ALTheDiscreet Padahal yg annoys them itu bukan imigrannya, tapi turis (much “louder” and problematic), even imigran aja ga sampe 1% populasi jepang

Tapi emang isu anti asing, asing ngambil jatah duit, dsb, itu paling gampang diframing dan dijual",2031278495226278250,,poppersiroyo,in,,0,1,0,,1.6878036677921505e+18,,0,0,3,padahal yg annoys them itu bukan imigrannya tapi turis much “louder” and problematic even imigran aja ga sampe populasi jepang tapi emang isu anti asing asing ngambil jatah duit dsb itu paling gampang diframing dan dijual,36,padahal yang annoys them itu bukan imigrannya tapi turis much “louder” and problematic even imigran saja ga sampai populasi jepang tapi emang isu anti asing asing ngambil jatah duit dsb itu paling gampang diframing dan dijual,Lain-lain
1264808301117583366,Mon May 25 06:45:02 +0000 2020,1,"@nynazka Orang cina dateng ke kuil jepang rusuh heboh,  air suci kuil pada d hamburin, kalau toilet nya jadi kotor, jangan tanya kl mereka udh jadi turis di malaysia di indonesia bikin rusuh jg",1264809682801057793,,mrs_mayorkever,in,,0,1,0,,1.1518988601149972e+18,,0,0,1,orang cina dateng ke kuil jepang rusuh heboh air suci kuil pada d hamburin kalau toilet nya jadi kotor jangan tanya kl mereka udh jadi turis di malaysia di indonesia bikin rusuh jg,33,orang cina dateng ke kuil jepang rusuh heboh air suci kuil pada di hamburin kalau toilet nya jadi kotor jangan tanya kalau mereka sudah jadi turis di malaysia di indonesia membuat rusuh jg,Lain-lain
1893321789729583463,Sun Feb 23 17:22:10 +0000 2025,0,"@BepDelta These went up as a response to all the annoying IRL Streamers causing trouble for everyone, also a large portion or Japan outside of tourist areas don’t really speak other languages so communication is an issue as well",1893712970862969306,,BepDelta,en,,0,0,0,,1.825347027859067e+18,,0,0,1,these went up as a response to all the annoying irl streamers causing trouble for everyone also a large portion or japan outside of tourist areas don’t really speak other languages so communication is an issue as well,38,these went up as a response to all the annoying irl streamers causing trouble for everyone also a large portion or japan outside of tourist areas don’t really speak other languages so communication is an issue as well,Lain-lain
1879433099412717775,Wed Jan 15 07:39:03 +0000 2025,6200,Simply disgraceful that Japan seems to think it’s fine to treat tourists like this. https://t.co/LdWMrvrIM0,1879433099412717775,https://pbs.twimg.com/media/GhUWcPHa0AE0-IH.jpg,,en,,2704,5398,198,,1.6127970585111757e+18,,0,1,0,simply disgraceful that japan seems to think it’s fine to treat tourists like this,14,simply disgraceful that japan seems to think it’s fine to treat tourists like this,Lain-lain
56754477176332288,Sat Apr 09 16:24:56 +0000 2011,0,Gunung Fuji di Jepang menjadi salah satu gunung terkotor di dunia akibat sampah turis yang dibuang sembarangan.,56754477176332288,,,in,,0,0,0,,74447002.0,,0,0,0,gunung fuji di jepang menjadi salah satu gunung terkotor di dunia akibat sampah turis yang dibuang sembarangan,17,gunung fuji di jepang menjadi salah satu gunung terkotor di dunia akibat sampah turis yang dibuang sembarangan,Pelanggaran Etika & Perilaku
2038936877919764751,Tue Mar 31 11:30:08 +0000 2026,5,@ankoromochuu Takaichi is what Japan needs. I hope she is empowered to make the decision to remove the immigrant problem in Japan (and the rude tourist problem too),2038941913265643595,,ankoromochuu,en,,0,0,0,,930970442.0,,0,0,1,takaichi is what japan needs i hope she is empowered to make the decision to remove the immigrant problem in japan and the rude tourist problem too,27,takaichi is what japan needs i hope she is empowered to make the decision to remove the immigrant problem in japan and the rude tourist problem too,Lain-lain
1728263710083067228,Mon Apr 13 21:36:57 +0000 2026,0,Saya setuju sih kalau Jepang mau nerapin pajak wisata lebih tinggi biar bisa nyaring turis yang datang. Setuju ga nih?,1728263710083993682,,,in,,16,21,0,1.7282637100839936e+18,790387459.0,user_4596,0,0,0,saya setuju sih kalau jepang mau nerapin pajak wisata lebih tinggi biar bisa nyaring turis yang datang setuju ga nih,20,saya setuju sih kalau jepang mau nerapin pajak wisata lebih tinggi biar bisa nyaring turis yang datang setuju ga nih,Regulasi & Kebijakan
1890681630215602498,Sat Feb 15 08:36:42 +0000 2025,1,"When warned, they are told, ""Japan will soon be part of China, so don't act all high and mighty."" 

With the increase in foreign tourists, nuisance behavior has become a growing problem in famous tourist destinations such as Hokkaido and Kyoto. https://t.co/kDdSF6BOCP",1890681630215602498,,,en,,0,0,1,,1.0295661687873864e+18,,0,1,0,when warned they are told japan will soon be part of china so dont act all high and mighty with the increase in foreign tourists nuisance behavior has become a growing problem in famous tourist destinations such as hokkaido and kyoto,41,when warned they are told japan will soon be part of china so dont act all high and mighty with the increase in foreign tourists nuisance behavior has become a growing problem in famous tourist destinations such as hokkaido and kyoto,Lain-lain
1863791536099692949,Tue Dec 03 03:45:04 +0000 2024,13,"Pls ignore that I'm a tourist myself.
But tourists in Japan are a bloody nightmare, I wasn't aware that it was that bad. 
They're (not all of them) loud, rude and misbehaved or even sometimes just so unattentive and unaware of their surroundings.",1863791536099692949,,,en,,0,1,0,,1.664332360995709e+18,,0,0,0,pls ignore that im a tourist myself but tourists in japan are a bloody nightmare i wasnt aware that it was that bad theyre not all of them loud rude and misbehaved or even sometimes just so unattentive and unaware of their surroundings,43,pls ignore that im a tourist myself but tourists in japan are a bloody nightmare i wasnt aware that it was that bad theyre not all of them loud rude and misbehaved or even sometimes just so unattentive and unaware of their surroundings,Lain-lain
1949102528010027175,Sat Jul 26 21:54:35 +0000 2025,0,@Vinstar66 They are not being not welcoming to tourists dude 😅 I was a tourist in Japan and I could go to that place no problem i,1949226870844891620,,Vinstar66,en,,0,0,0,,1.663218716530688e+18,,1,0,1,they are not being not welcoming to tourists dude i was a tourist in japan and i could go to that place no problem i,25,they are not being not welcoming to tourists dude i was a tourist in japan and i could go to that place no problem i,Lain-lain
1164459584020312064,Thu Aug 22 08:49:34 +0000 2019,26,"Baru aja kita malu liat ada turis Jepang yang mungutin sampah kita,
Sekarang malah berbanding terbalik liat orang Indonesia makan kuaci di @CommuterLine kulitnya dibuang sembarangan. 😆
Apa Kabar Petugas nya? Saya mau ngasih tau takut di Gas sama dia, tau sendiri mak - emak https://t.co/bpfkzwsQDX",1164459584020312064,https://pbs.twimg.com/media/ECj9zxCU0AEDmUb.jpg,,in,,27,50,32,,2888739601.0,,1,1,1,baru aja kita malu liat ada turis jepang yang mungutin sampah kita sekarang malah berbanding terbalik liat orang indonesia makan kuaci di kulitnya dibuang sembarangan apa kabar petugas nya saya mau ngasih tau takut di gas sama dia tau sendiri mak emak,42,baru saja kita malu liat ada turis jepang yang mungutin sampah kita sekarang malah berbanding terbalik liat orang indonesia makan kuaci di kulitnya dibuang sembarangan apa kabar petugas nya saya mau ngasih tau takut di gas sama dia tau sendiri mak emak,Pelanggaran Etika & Perilaku
1797458972490056016,Mon Jun 03 02:43:08 +0000 2024,0,"Baru Juga Dipasang, Tirai Penghalang Pemandangan Gunung Fuji Dirusak Turis Nakal https://t.co/col1qrWHfz",1797458972490056016,,,in,,0,0,0,,742718780.0,,0,1,0,baru juga dipasang tirai penghalang pemandangan gunung fuji dirusak turis nakal,11,baru juga dipasang tirai penghalang pemandangan gunung fuji dirusak turis nakal,Pelanggaran Etika & Perilaku
1889910547673743627,Thu Feb 13 05:32:42 +0000 2025,53,The only problem with Japan is that I can never finish my food and than I feel like a cringe gay tourist https://t.co/A8plfqP7mM,1889910547673743627,https://pbs.twimg.com/media/GjpPml_aEAAZlp5.jpg,,en,,0,8,1,,1.5573199535938191e+18,,0,1,0,the only problem with japan is that i can never finish my food and than i feel like a cringe gay tourist,22,the only problem with japan is that i can never finish my food and than i feel like a cringe gay tourist,Lain-lain
1038607735275716609,Sun Sep 09 01:59:15 +0000 2018,1,"Ingat viralnya turis Jepang yg punguti sampah di Asian Games 2018 lalu? Di Sail Moyo Tambora, masyarakat NTB juga aktif tetap menjaga kebersihan venue acara #NTBBangkit #WonderfulSailMoyoTambora2018 https://t.co/F7alctAoJo",1038607735275716609,https://pbs.twimg.com/ext_tw_video_thumb/1038607603549450240/pu/img/HyqceDD1Iouu5uG3.jpg,,in,,0,0,2,,69514910.0,,0,1,0,ingat viralnya turis jepang yg punguti sampah di asian games lalu di sail moyo tambora masyarakat ntb juga aktif tetap menjaga kebersihan venue acara,24,ingat viralnya turis jepang yang punguti sampah di asian games lalu di sail moyo tambora masyarakat ntb juga aktif tetap menjaga kebersihan venue acara,Pelanggaran Etika & Perilaku
2043638897817591833,Mon Apr 13 10:34:16 +0000 2026,0,Japan To Raise Tourist Tax And Expand Hotel Levies To Tackle Overtourism https://t.co/BA0RwunrxS,2043638897817591833,,,en,,0,1,0,,1.854316399147221e+18,,0,1,0,japan to raise tourist tax and expand hotel levies to tackle overtourism,12,japan to raise tourist tax and expand hotel levies to tackle overtourism,Overtourism & Keramaian
1939372480931516560,Mon Jun 30 04:39:13 +0000 2025,0,"@muxacka @kirawontmiss The average tip percentage globally, excluding the U.S. and Canada, is roughly 5-10% in places where tipping is customary. In Europe, 5-10% is common, often just rounding up the bill. In Asia, like Japan, tipping is often not expected or even rude. Australia and New Zealand",1939544226309763232,,muxacka,en,,0,1,0,,1.7206651831889224e+18,,0,0,2,the average tip percentage globally excluding the us and canada is roughly in places where tipping is customary in europe is common often just rounding up the bill in asia like japan tipping is often not expected or even rude australia and new zealand,44,the average tip percentage globally excluding the us and canada is roughly in places where tipping is customary in europe is common often just rounding up the bill in asia like japan tipping is often not expected or even rude australia and new zealand,Lain-lain
1939372480931516560,Sun Jun 29 22:01:43 +0000 2025,253,"@darknessblades @0xSweep @kirawontmiss In Asia, tipping is often not customary and can be seen as rude, especially in Japan and China, where good service is expected without extra payment. In places like Thailand, small tips (5-10%) are appreciated by tourists but not mandatory. In the EU, tipping varies: France",1939444194487181713,,darknessblades,en,,0,11,3,,1.7206651831889224e+18,,0,0,3,in asia tipping is often not customary and can be seen as rude especially in japan and china where good service is expected without extra payment in places like thailand small tips are appreciated by tourists but not mandatory in the eu tipping varies france,45,in asia tipping is often not customary and can be seen as rude especially in japan and china where good service is expected without extra payment in places like thailand small tips are appreciated by tourists but not mandatory in the eu tipping varies france,Lain-lain
1973723020359484448,Tue Mar 31 07:04:36 +0000 2026,7,Wacana pemerintah Jepang naikin tarif kereta untuk turis asing tuh ide bagus banget buat ngurangin kepadatan. Semoga turis kita nggak gitu.,1973723020360099879,,,in,,5,0,0,1.9737230203600998e+18,619795371.0,user_9149,0,0,0,wacana pemerintah jepang naikin tarif kereta untuk turis asing tuh ide bagus banget buat ngurangin kepadatan semoga turis kita nggak gitu,21,wacana pemerintah jepang naikin tarif kereta untuk turis asing tuh ide bagus sekali buat ngurangin kepadatan semoga turis kita nggak begitu,"Overtourism & Keramaian, Regulasi & Kebijakan"
1664590979777272887,Fri Mar 20 13:38:22 +0000 2026,24,Kasihan lihat orang Jepang yang terganggu gara-gara turis nggak ngerti etika saat berwisata. Gimana menurut kalian?,1664590979777335989,,,in,,0,5,0,1.664590979777336e+18,690679388.0,user_5259,0,0,0,kasihan lihat orang jepang yang terganggu garagara turis nggak ngerti etika saat berwisata gimana menurut kalian,16,kasihan lihat orang jepang yang terganggu garagara turis nggak ngerti etika saat berwisata bagaimana menurut kalian,Pelanggaran Etika & Perilaku
1943163192634675669,Thu Jul 10 09:18:09 +0000 2025,0,"@Right_far_back @emonitie @navyhato True. Their problem though is treating tourists and foreigners with the same trust they have for their own people. And to many, that’s a sign of weakness. 

Combine that with tourist promotion and easy visa’s is chaos and crime. What we are aeing in Japan today.",1943238303941054820,,Right_far_back,en,,0,0,0,,1.2397011889095967e+18,,0,0,3,true their problem though is treating tourists and foreigners with the same trust they have for their own people and to many that’s a sign of weakness combine that with tourist promotion and easy visa’s is chaos and crime what we are aeing in japan today,46,true their problem though is treating tourists and foreigners with the same trust they have for their own people and to many that’s a sign of weakness combine that with tourist promotion and easy visa’s is chaos and crime what we are aeing in japan today,Regulasi & Kebijakan
1943480077477646709,Fri Jul 11 01:18:53 +0000 2025,0,"Denger berita kalau partai fasis di Jepang lagi naik daun, salah satu poin yang mereka highlight terkait overtourism dan strengthening immigration policy. Awalnya agak gmn gitu, tp makin lama makin sadar kalau xenophobia orang Jepun ini somehow understandable.",1943480077477646709,,,in,,0,1,0,,1.00623795587729e+18,,0,0,0,denger berita kalau partai fasis di jepang lagi naik daun salah satu poin yang mereka highlight terkait overtourism dan strengthening immigration policy awalnya agak gmn gitu tp makin lama makin sadar kalau xenophobia orang jepun ini somehow understandable,38,denger berita kalau partai fasis di jepang lagi naik daun salah satu poin yang mereka highlight terkait overtourism dan strengthening immigration policy awalnya agak bagaimana begitu tapi makin lama makin sadar kalau xenophobia orang jepun ini somehow understandable,Overtourism & Keramaian
1970217810380103913,Mon Sep 22 20:05:05 +0000 2025,84204,Live streamer in Japan assaults an elderly Japanese man who asked him to stop filming on the train: https://t.co/jGBOsQUitf,1970217810380103913,https://pbs.twimg.com/amplify_video_thumb/1970217716670984192/img/UNlGjbp1mV8sRw3N.jpg,,en,,4885,6496,14515,,1.6127970585111757e+18,,0,1,0,live streamer in japan assaults an elderly japanese man who asked him to stop filming on the train,18,live streamer in japan assaults an elderly japanese man who asked him to stop filming on the train,Lain-lain
1940426761205940284,Wed Jul 02 15:06:05 +0000 2025,1300,"“More inclusive” 

You dumb tourist. There is nothing more inclusive about making the models twins with no sexual dimorphism or uniqueness. 

You stupid tourists is why it has all regressed. The japanese game made by japanese people doesnt have a school skirt because of the",1940426761205940284,,,en,,5,42,170,,3041706315.0,,0,0,0,“more inclusive” you dumb tourist there is nothing more inclusive about making the models twins with no sexual dimorphism or uniqueness you stupid tourists is why it has all regressed the japanese game made by japanese people doesnt have a school skirt because of the,45,“more inclusive” you dumb tourist there is nothing more inclusive about making the models twins with no sexual dimorphism or uniqueness you stupid tourists is why it has all regressed the japanese game made by japanese people doesnt have a school skirt because of the,Lain-lain
1950496598032535683,Fri Aug 08 01:12:17 +0000 2025,1,"@donnyjkimball Very informative article, thank you! Worth noting that many other tourist destinations are also starting to react to overtourism - Barcelona comes to mind, where a major issue is housing depletion, so a different issue than Japan though.",1953625276459757943,,donnyjkimball,en,,0,0,0,,3737896274.0,,0,0,1,very informative article thank you worth noting that many other tourist destinations are also starting to react to overtourism barcelona comes to mind where a major issue is housing depletion so a different issue than japan though,37,very informative article thank you worth noting that many other tourist destinations are also starting to react to overtourism barcelona comes to mind where a major issue is housing depletion so a different issue than japan though,Overtourism & Keramaian
1615167425053601792,Tue Jan 17 09:48:20 +0000 2023,0,"@FaktaSepakbola turis Jepang adalah turis yang paling baik. pernah ke Bororbudur thn 2013, gelut ama turis lokal gegara buang sampah sembarangan. Turis Jepang boro boro bawa sampah, mereka gak nyentuh relief candi sama sekali.

pas liat Asian Games 2018 juga gitu, jadi ikutan bersih.",1615284878047866880,,FaktaSepakbola,in,,0,0,0,,8.891705194795581e+17,,0,0,1,turis jepang adalah turis yang paling baik pernah ke bororbudur thn gelut ama turis lokal gegara buang sampah sembarangan turis jepang boro boro bawa sampah mereka gak nyentuh relief candi sama sekali pas liat asian games juga gitu jadi ikutan bersih,41,turis jepang adalah turis yang paling baik pernah ke bororbudur thn gelut ama turis lokal gegara buang sampah sembarangan turis jepang boro boro bawa sampah mereka gak nyentuh relief candi sama sekali pas liat asian games juga begitu jadi ikutan bersih,"Pelanggaran Etika & Perilaku, Isu Ekonomi & Harga"
1784789493616443551,Mon Apr 29 03:39:09 +0000 2024,1,"Pemandangan ke Gunung Fuji Ditutup Pembatas Tinggi, Jengkel Turis Nakal https://t.co/JdS2uwt4zv #TempoDunia",1784789493616443551,,,in,,0,1,0,,18129942.0,,0,1,0,pemandangan ke gunung fuji ditutup pembatas tinggi jengkel turis nakal,10,pemandangan ke gunung fuji ditutup pembatas tinggi jengkel turis nakal,Pelanggaran Etika & Perilaku
1916384784504524865,Tue Apr 29 04:45:11 +0000 2025,0,"@mmdtpb1 @YokL97 @erlanishere Halo @YokL97 @erlanishere! Soal turis Palestina, nggak ada laporan mereka diminta tanda tangan deklarasi kaya di Wind Villa Hotel, Kyoto, yang minta turis Israel nyatakan nggak terlibat kejahatan perang. Jepang justru dukung Palestina, kasih bantuan lebih dari $2.3 miliar sejak",1917077679842726361,,mmdtpb1,in,,0,0,0,,1.7206651831889224e+18,,0,0,5,halo soal turis palestina nggak ada laporan mereka diminta tanda tangan deklarasi kaya di wind villa hotel kyoto yang minta turis israel nyatakan nggak terlibat kejahatan perang jepang justru dukung palestina kasih bantuan lebih dari miliar sejak,37,halo soal turis palestina nggak ada laporan mereka diminta tanda tangan deklarasi kaya di wind villa hotel kyoto yang minta turis israel nyatakan nggak terlibat kejahatan perang jepang justru dukung palestina kasih bantuan lebih dari miliar sejak,Lain-lain
1867249699729613258,Thu Dec 12 16:46:34 +0000 2024,3471,"Black Twitter is now beefing with Mexican Twitter

In one week, they've managed to piss off Japanese, Indian, AND Mexican Twitter. Incredible https://t.co/yyJjVCy2yV",1867249699729613258,https://pbs.twimg.com/media/GenNtKrW4AAXZOz.jpg,,en,,31,178,285,,1.3170123112620892e+18,,0,1,0,black twitter is now beefing with mexican twitter in one week theyve managed to piss off japanese indian and mexican twitter incredible,22,black twitter is now beefing with mexican twitter in one week theyve managed to piss off japanese indian and mexican twitter incredible,Lain-lain
1701941609775104016,Wed Sep 13 12:51:14 +0000 2023,1,"Gunung Fuji Jepang Mengalami Overtourism, Lalu Lintas Pendaki Macet #TempoTravel https://t.co/NmLVVxocry",1701941609775104016,,,in,,0,0,1,,18129942.0,,0,1,0,gunung fuji jepang mengalami overtourism lalu lintas pendaki macet,9,gunung fuji jepang mengalami overtourism lalu lintas pendaki macet,Overtourism & Keramaian
143911303935836161,Tue Dec 06 04:35:03 +0000 2011,0,"Neymar Dilarang Makan Sushi di Jepang: ""Para pemain bukanlah turis, ini pekerjaan. Kami harus hati-hati dengan masalah ini.""",143911303935836161,,,in,,0,0,0,,273396714.0,,0,0,0,neymar dilarang makan sushi di jepang para pemain bukanlah turis ini pekerjaan kami harus hatihati dengan masalah ini,18,neymar dilarang makan sushi di jepang para pemain bukanlah turis ini pekerjaan kami harus hatihati dengan masalah ini,Regulasi & Kebijakan
1964821796320063404,Sat Mar 21 05:33:03 +0000 2026,60,"Kelakuan turis asing di Jepang bikin geleng-geleng kepala, pantas saja warga lokal jadi kesal. Nggak habis pikir.",1964821796320425348,,,in,,0,0,0,1.9648217963204255e+18,6756731085.0,,0,0,0,kelakuan turis asing di jepang bikin gelenggeleng kepala pantas saja warga lokal jadi kesal nggak habis pikir,17,kelakuan turis asing di jepang membuat gelenggeleng kepala pantas saja warga lokal jadi kesal nggak habis pikir,Lain-lain
2043731064057934217,Tue Apr 14 00:02:47 +0000 2026,0,"@svetanv I've never met a Russian I didn't like in America.

Once in Japan I did meet a rude tourist from Russia, but it's a one off.",2043842364687413694,,svetanv,en,,0,0,0,,1.8271979403617485e+18,,0,0,1,ive never met a russian i didnt like in america once in japan i did meet a rude tourist from russia but its a one off,26,ive never met a russian i didnt like in america once in japan i did meet a rude tourist from russia but its a one off,Lain-lain
1885149575671144459,Fri Jan 31 10:44:24 +0000 2025,1,"@OhayoMybrother Japan should seriously have some sort of streaming ban of tourist.
seen lotta people just record for memories, but usually when its streaming, its meant to cause drama and attention.
Videos arent as profitable as nuisance streams, so it help the problem alot",1885277950112584162,,OhayoMybrother,en,,0,0,0,,1.7127611254045696e+18,,0,0,1,japan should seriously have some sort of streaming ban of tourist seen lotta people just record for memories but usually when its streaming its meant to cause drama and attention videos arent as profitable as nuisance streams so it help the problem alot,43,japan should seriously have some sort of streaming ban of tourist seen lotta people just record for memories but usually when its streaming its meant to cause drama and attention videos arent as profitable as nuisance streams so it help the problem alot,Lain-lain
1952164314792115193,Sun Mar 01 17:39:50 +0000 2026,0,"Overtourism di Jepang udah level kronis, tiket wisata harganya dinaikkan berkali-kali lipat buat turis asing. Sedih liatnya.",1952164314792265026,,,in,,17,15,0,1.952164314792265e+18,6800326382.0,user_3916,0,0,0,overtourism di jepang udah level kronis tiket wisata harganya dinaikkan berkalikali lipat buat turis asing sedih liatnya,17,overtourism di jepang sudah level kronis tiket wisata harganya dinaikkan berkalikali lipat buat turis asing sedih liatnya,"Overtourism & Keramaian, Isu Ekonomi & Harga"
1973692508304797809,Thu Oct 02 10:12:18 +0000 2025,0,"Jaringan toko serba ada di Jepang, Lawson, meluncurkan layanan baru yang memungkinkan pelanggan berkemah atau menginap dalam mobil semalaman di area parkir Lawson #OMG #KBFM #RadioKalimaya #RadioSebayaMudaMalangRaya #RadioAnakMuda #RadioDewasaMuda

https://t.co/VAMuPweG5q",1973692508304797809,,,in,,0,0,0,,1.9148851919335506e+18,,0,1,0,jaringan toko serba ada di jepang lawson meluncurkan layanan baru yang memungkinkan pelanggan berkemah atau menginap dalam mobil semalaman di area parkir lawson,23,jaringan toko serba ada di jepang lawson meluncurkan layanan baru yang memungkinkan pelanggan berkemah atau menginap dalam mobil semalaman di area parkir lawson,Lain-lain
1940162518921650584,Wed Jul 02 12:01:02 +0000 2025,0,@Seano299 @stfk_k @Scrunthropious @SuperSourSoda I feel like someone focusing on a single problematic aspect of an entire country and basing a whole fan base around it is more tourist behavior IMO. Glorifying and mystifying Japan as some pedo haven where pedo porn comes from pachinko machines is tourist trap bs,1940380191282590004,,Seano299,en,,0,1,0,,8.631396381475226e+17,,0,0,4,i feel like someone focusing on a single problematic aspect of an entire country and basing a whole fan base around it is more tourist behavior imo glorifying and mystifying japan as some pedo haven where pedo porn comes from pachinko machines is tourist trap bs,46,i feel like someone focusing on a single problematic aspect of an entire country and basing a whole fan base around it is more tourist behavior imo glorifying and mystifying japan as some pedo haven where pedo porn comes from pachinko machines is tourist trap bs,Lain-lain
1853291735129956859,Tue Nov 05 06:30:41 +0000 2024,2,"@siradjaminjak @beritadakwahku @Hilmi28 Bukan masalah Islami dan maksa gaya Islami, ini urusan promosi pariwisata bukan promosi halal. Di negara maju termasuk Jepang, Korea, dan tujuan wisata di Asia lainnya mereka punya strategi promosi wisata halal karena jumlah wisatawan muslim meningkat berkat promosi wisata halal",1853686352933781939,,siradjaminjak,in,,0,1,2,,1.711761520949158e+18,,0,0,3,bukan masalah islami dan maksa gaya islami ini urusan promosi pariwisata bukan promosi halal di negara maju termasuk jepang korea dan tujuan wisata di asia lainnya mereka punya strategi promosi wisata halal karena jumlah wisatawan muslim meningkat berkat promosi wisata halal,41,bukan masalah islami dan maksa gaya islami ini urusan promosi pariwisata bukan promosi halal di negara maju termasuk jepang korea dan tujuan wisata di asia lainnya mereka punya strategi promosi wisata halal karena jumlah wisatawan muslim meningkat berkat promosi wisata halal,Lain-lain
1853070201145651727,Wed Apr 01 05:22:09 +0000 2026,0,Mulai tahun depan beberapa tempat wisata di Kyoto akan ditutup untuk turis asing karena masalah overtourism. Kasian warga lokalnya.,1853070201146258769,,,in,,0,0,0,1.8530702011462587e+18,3656930544.0,,0,0,0,mulai tahun depan beberapa tempat wisata di kyoto akan ditutup untuk turis asing karena masalah overtourism kasian warga lokalnya,19,mulai tahun depan beberapa tempat wisata di kyoto akan ditutup untuk turis asing karena masalah overtourism kasian warga lokalnya,Overtourism & Keramaian
1946851406587056162,Sun Jul 20 08:35:20 +0000 2025,7965,"The surge in anti-immigrant sentiment in Japan has led to increasing online attacks against award-winning author Yu Miri (TOKYO UENO STATION). Attackers tell her not to write in Japanese and ""go home."" 

Yu is Zainichi Korean, born in Japan. Japanese is her native language. https://t.co/u135EyvX3A",1946851406587056162,https://pbs.twimg.com/media/GwSbCRNX0AA5tnC.jpg,,en,,85,25,801,,1.0106448780431442e+18,,0,1,0,the surge in antiimmigrant sentiment in japan has led to increasing online attacks against awardwinning author yu miri tokyo ueno station attackers tell her not to write in japanese and go home yu is zainichi korean born in japan japanese is her native language,44,the surge in antiimmigrant sentiment in japan has led to increasing online attacks against awardwinning author yu miri tokyo ueno station attackers tell her not to write in japanese and go home yu is zainichi korean born in japan japanese is her native language,Lain-lain
1967531425491829133,Mon Sep 15 13:22:09 +0000 2025,0,"@HurryNBot @pirooooon3 This appears to be a TikTok video compilation showing crowded streets in a Japanese tourist area, like a market with shops and restaurants. The post's Japanese caption translates to: ""The rude attitude of foreign tourists has reached the limit of patience. The powerful voice of a",1967579692384583904,,HurryNBot,en,,0,0,0,,1.7206651831889224e+18,,0,0,2,this appears to be a tiktok video compilation showing crowded streets in a japanese tourist area like a market with shops and restaurants the posts japanese caption translates to the rude attitude of foreign tourists has reached the limit of patience the powerful voice of a,46,this appears to be a tiktok video compilation showing crowded streets in a japanese tourist area like a market with shops and restaurants the posts japanese caption translates to the rude attitude of foreign tourists has reached the limit of patience the powerful voice of a,Lain-lain
1971121764324327809,Thu Sep 25 18:19:58 +0000 2025,0,"@Roger_Minorger @PicturesFoIder Eating while walking isn't illegal in Japan—it's just considered rude etiquette, as it can lead to litter or mess in clean public spaces. In places like Kamakura, a regulation discourages it in tourist areas, but there are no fines. The video likely exaggerates for humor.",1971278519595642982,,Roger_Minorger,en,,0,0,0,,1.7206651831889224e+18,,0,0,2,eating while walking isnt illegal in japan—its just considered rude etiquette as it can lead to litter or mess in clean public spaces in places like kamakura a regulation discourages it in tourist areas but there are no fines the video likely exaggerates for humor,45,eating while walking isnt illegal in japan—its just considered rude etiquette as it can lead to litter or mess in clean public spaces in places like kamakura a regulation discourages it in tourist areas but there are no fines the video likely exaggerates for humor,Lain-lain
47991775599656960,Wed Mar 16 12:05:05 +0000 2011,0,Menbudpar: Kunjungan Turis Jepang Akan Terganggu Sebentar: Menteri Kebudayaan dan Pariwisata (Menbud... http://bit.ly/eXVH4M Antara News,47991775599656960,,,in,,0,0,0,,150312303.0,,0,1,0,menbudpar kunjungan turis jepang akan terganggu sebentar menteri kebudayaan dan pariwisata menbud antara news,14,menbudpar kunjungan turis jepang akan terganggu sebentar menteri kebudayaan dan pariwisata menbud antara news,Lain-lain
1747571172116462470,Fri Apr 17 21:24:29 +0000 2026,0,Saya setuju sih kalau Jepang mau nerapin pajak wisata lebih tinggi biar bisa nyaring turis yang datang. Kasian warga lokalnya.,1747571172116472901,,,in,,7,0,0,1.7475711721164728e+18,484416160.0,user_5294,0,0,0,saya setuju sih kalau jepang mau nerapin pajak wisata lebih tinggi biar bisa nyaring turis yang datang kasian warga lokalnya,20,saya setuju sih kalau jepang mau nerapin pajak wisata lebih tinggi biar bisa nyaring turis yang datang kasian warga lokalnya,Regulasi & Kebijakan
1015501731411554309,Sat Jul 07 08:08:02 +0000 2018,14,"@yunartowijaya 3) Ini mirip dgn sempat beredarnya gosip turis Cina “menguasai” Ubud. Menurut statistika penginapan2 lokal, tetap lbh banyak turis Jepang. Tapi Jepun itu gak ribut, not drawing attention to themselves. Turis Cina bbrp kali di-kickout krn terlalu berisik. @imanbr",1015507721146077184,,yunartowijaya,in,,0,2,8,,182773459.0,,0,0,2,ini mirip dgn sempat beredarnya gosip turis cina “menguasai” ubud menurut statistika penginapan lokal tetap lbh banyak turis jepang tapi jepun itu gak ribut not drawing attention to themselves turis cina bbrp kali dikickout krn terlalu berisik,37,ini mirip dengan sempat beredarnya gosip turis cina “menguasai” ubud menurut statistika penginapan lokal tetap lbh banyak turis jepang tapi jepun itu gak ribut not drawing attention to themselves turis cina bbrp kali dikickout karena terlalu berisik,Pelanggaran Etika & Perilaku
1936768823467917585,Sun Jun 22 16:05:43 +0000 2025,0,"@forkimminji sepi tuu maksudnya lingkungannya kah? tergantung area soalnya jepang in generan lgi ngadepin masalah overtourism &amp; mmg kemaren padet bgt di bbrp area sih 🥹

tp di non tourist hot spots normal2 aja kok, area yg aku stay juga sepi banget2 malah krn mmg di stop terakhir line train",1936817887194624119,,taehyun_kth,in,,0,1,0,,1.2665491744109937e+18,,1,0,1,sepi tuu maksudnya lingkungannya kah tergantung area soalnya jepang in generan lgi ngadepin masalah overtourism amp mmg kemaren padet bgt di bbrp area sih tp di non tourist hot spots normal aja kok area yg aku stay juga sepi banget malah krn mmg di stop terakhir line train,48,sepi tuu maksudnya lingkungannya kah tergantung area soalnya jepang in generan lgi ngadepin masalah overtourism amp mmg kemaren padet sekali di bbrp area sih tapi di non tourist hot spots normal saja kok area yang saya stay juga sepi sekali malah karena mmg di stop terakhir line train,Overtourism & Keramaian
2024755903480943019,Fri Feb 20 08:00:00 +0000 2026,0,"Fujiyoshida, Jepang , Pemerintah Kota Fujiyoshida, Prefektur Yamanashi, memutuskan untuk tidak menyelenggarakan Shinakurayama Sengen Park Sakura Festival pada musim semi 2026.

#TreavelJepang

https://t.co/LxmT1IAHQO",2024755903480943019,,,in,,0,0,0,,69876693.0,,0,1,0,fujiyoshida jepang pemerintah kota fujiyoshida prefektur yamanashi memutuskan untuk tidak menyelenggarakan shinakurayama sengen park sakura festival pada musim semi,19,fujiyoshida jepang pemerintah kota fujiyoshida prefektur yamanashi memutuskan untuk tidak menyelenggarakan shinakurayama sengen park sakura festival pada musim semi,Regulasi & Kebijakan
1853646885585838254,Tue Nov 05 03:56:45 +0000 2024,2,"@Kuro9Krow Krow, like any sensible young American man I of course would like to visit Japan. The problem is I don't like cities much. Is it possible to travel as a tourist without having to spend significant time in any truly huge cities, mostly going to wilderness areas and smaller towns?",1853647617584222518,,,en,,0,1,0,,7.532469480947139e+17,,0,0,1,krow like any sensible young american man i of course would like to visit japan the problem is i dont like cities much is it possible to travel as a tourist without having to spend significant time in any truly huge cities mostly going to wilderness areas and smaller towns,50,krow like any sensible young american man i of course would like to visit japan the problem is i dont like cities much is it possible to travel as a tourist without having to spend significant time in any truly huge cities mostly going to wilderness areas and smaller towns,Lain-lain
379420394173657088,Mon Sep 16 01:44:05 +0000 2013,0,Turis Perempuan Bertato Dilarang ke Pemandian Umum di Jepang http://t.co/7E5iI6CUbO Detikcom,379420394173657088,,,in,,0,0,0,,296836679.0,,0,1,0,turis perempuan bertato dilarang ke pemandian umum di jepang detikcom,10,turis perempuan bertato dilarang ke pemandian umum di jepang detikcom,Regulasi & Kebijakan
1929535181834330165,Mon Jun 02 13:46:51 +0000 2025,1,"Chinese tourist: ""There are too many rules in Japan, it's annoying. When I go back to China, I feel free. Yay!""",1929535181834330165,,,en,,0,0,1,,1.377237964669907e+18,,0,0,0,chinese tourist there are too many rules in japan its annoying when i go back to china i feel free yay,21,chinese tourist there are too many rules in japan its annoying when i go back to china i feel free yay,Lain-lain
422866229393502208,Mon Jan 13 23:02:20 +0000 2014,0,"Yah norak amat,, RT""@kompascom: Turis Jepang Terpikat Keunikan Bunga Rafflesia http://t.co/mdZFfnYton http://t.co/EU6FsisGPF""",422866229393502208,https://pbs.twimg.com/media/Bd5SF-iCMAEzV3_.jpg,,in,,0,0,0,,1269282936.0,,0,2,1,yah norak amat rt turis jepang terpikat keunikan bunga rafflesia,10,yah norak amat rt turis jepang terpikat keunikan bunga rafflesia,Lain-lain
1858280385077301374,Sun Nov 17 22:45:43 +0000 2024,1,"Sudah Terpapar Overtourism, Jepang Ditambah PR Lagi dengan Turis yang Iseng Coret-coret https://t.co/bEnUvSczD1",1858280385077301374,,,in,,0,0,1,,240113510.0,,0,1,0,sudah terpapar overtourism jepang ditambah pr lagi dengan turis yang iseng coretcoret,12,sudah terpapar overtourism jepang ditambah pr lagi dengan turis yang iseng coretcoret,Overtourism & Keramaian
1911204791218545128,Sat Apr 12 23:48:25 +0000 2025,0,"Norway is set to become the latest country to adopt a tourist tax, joining destinations like the US, Canada, Mexico, Italy, France, Spain, Japan, Thailand, Iceland, and others that have implemented similar measures to address the growing challenges of overtourism.",1911204791218545128,,,en,,0,1,0,,1.842094507191378e+18,,0,0,0,norway is set to become the latest country to adopt a tourist tax joining destinations like the us canada mexico italy france spain japan thailand iceland and others that have implemented similar measures to address the growing challenges of overtourism,40,norway is set to become the latest country to adopt a tourist tax joining destinations like the us canada mexico italy france spain japan thailand iceland and others that have implemented similar measures to address the growing challenges of overtourism,Overtourism & Keramaian
1892333713863663753,Fri Feb 21 02:39:58 +0000 2025,0,"@callistoroll Reality is tourist levels in Japan, while higher than before, are much lower relative to the local population than countries like France, Thailand and I think even the US. The real problem is that Japan has all these rules, some of which are OK but many are dumb",1892766183176491462,,callistoroll,en,,0,0,0,,7.52975909984936e+17,,0,0,1,reality is tourist levels in japan while higher than before are much lower relative to the local population than countries like france thailand and i think even the us the real problem is that japan has all these rules some of which are ok but many are dumb,48,reality is tourist levels in japan while higher than before are much lower relative to the local population than countries like france thailand and i think even the us the real problem is that japan has all these rules some of which are ok but many are dumb,Lain-lain
246880250879934465,Sat Sep 15 07:56:53 +0000 2012,0,"Itu ada turis jepang,makan rujak dipinggir jalan ,foto2 ,asikk bgd ,kalo gue Ɣªήğ foto baru ☺яαηƍ pd ngatain ""oh norak"" -_-",246880250879934465,,,in,,0,0,0,,600979650.0,,1,0,0,itu ada turis jepangmakan rujak dipinggir jalan foto asikk bgd kalo gue ɣªήğ foto baru яαηƍ pd ngatain oh norak,20,itu ada turis jepangmakan rujak dipinggir jalan foto asikk bgd kalau saya ɣªήğ foto baru яαηƍ pada ngatain oh norak,Lain-lain
1619722691369879946,Wed Mar 25 01:31:57 +0000 2026,10,Kasihan lihat orang Jepang yang terganggu gara-gara turis nggak ngerti etika saat berwisata. Hmmm...,1619722691370771967,,,in,,0,0,2,1.619722691370772e+18,8861067161.0,,0,0,0,kasihan lihat orang jepang yang terganggu garagara turis nggak ngerti etika saat berwisata hmmm,14,kasihan lihat orang jepang yang terganggu garagara turis nggak ngerti etika saat berwisata hmmm,Pelanggaran Etika & Perilaku
318291064580608000,Sun Mar 31 09:17:58 +0000 2013,0,"bilang fans jekate sampah, goblok, gak berguna ?? pikir. karena ada jekate maka banyak turis jepang ke indonesia. nambahin devisa negara",318291064580608000,,,in,,0,1,0,,167355271.0,,0,0,0,bilang fans jekate sampah goblok gak berguna pikir karena ada jekate maka banyak turis jepang ke indonesia nambahin devisa negara,20,bilang fans jekate sampah goblok gak berguna pikir karena ada jekate maka banyak turis jepang ke indonesia nambahin devisa negara,"Pelanggaran Etika & Perilaku, Regulasi & Kebijakan"
1873465798238642485,Sun Dec 29 20:27:08 +0000 2024,1,"迷惑害人

""The top 10 annoying foreign tourist behaviors on trains, as chosen by Japanese people：Survey"" - SoraNews24 -Japan News- #SmartNews  https://t.co/z5NzAjqw8L",1873465798238642485,,,en,,0,0,0,,1.312270322071036e+18,,0,1,0,迷惑害人 the top annoying foreign tourist behaviors on trains as chosen by japanese people：survey soranews japan news,17,迷惑害人 the top annoying foreign tourist behaviors on trains as chosen by japanese people：survey soranews japan news,Lain-lain
1870936855320948837,Sun Jan 05 18:48:55 +0000 2025,1,"@Johnny_suputama The blame lies entirely with JNTO, which refuses to meaningfully promote destinations besides Tokyo, Kyoto, Osaka and Hiroshima, or to work with creators who will.

The issue isn’t “overtourism”—Japan gets a third the visitors of France or Spain. It’s uneven tourist dispersal.",1875977797442879887,,Johnny_suputama,en,,0,0,0,,9.686461215128863e+17,,0,0,1,the blame lies entirely with jnto which refuses to meaningfully promote destinations besides tokyo kyoto osaka and hiroshima or to work with creators who will the issue isn’t “overtourism”—japan gets a third the visitors of france or spain it’s uneven tourist dispersal,42,the blame lies entirely with jnto which refuses to meaningfully promote destinations besides tokyo kyoto osaka and hiroshima or to work with creators who will the issue isn’t “overtourism”—japan gets a third the visitors of france or spain it’s uneven tourist dispersal,Overtourism & Keramaian
1961152087007662409,Fri Aug 29 08:20:43 +0000 2025,0,"@politicalawake If this boom were dispersed evenly throughout time and space, it wouldn’t be very onerous. If every tourist came for only one week, and they were spread out evenly throughout the year, 37 million annual visitors would represent only 0.6% of the Japanese population. That’s tiny. https://t.co/3hPZB2cEKk",1961343241770401948,https://pbs.twimg.com/media/GzgXRuMWkAEWTjg.jpg,LittleCoco83812,en,,0,1,0,,1.7082700591210004e+18,,0,1,1,if this boom were dispersed evenly throughout time and space it wouldn’t be very onerous if every tourist came for only one week and they were spread out evenly throughout the year million annual visitors would represent only of the japanese population that’s tiny,44,if this boom were dispersed evenly throughout time and space it wouldn’t be very onerous if every tourist came for only one week and they were spread out evenly throughout the year million annual visitors would represent only of the japanese population that’s tiny,Lain-lain
1970266875914547579,Mon Sep 22 23:20:03 +0000 2025,0,yk that's why japan ban tourist. it's always this kind of problematic english country🫩,1970266875914547579,,,en,,0,0,0,,1.459731378816254e+18,,1,0,0,yk thats why japan ban tourist its always this kind of problematic english country,14,yk thats why japan ban tourist its always this kind of problematic english country,Lain-lain
1892785802444193904,Sat Feb 22 05:42:31 +0000 2025,0,"地図をズームインすると観光地名が表示されます。
ヒートマップと観光地名を別々に表示できます。

Zoom in on the map to see the names of tourist attractions.
You can display the heat map and the names of tourist attractions separately.

#オーバーツーリズム　＃overtourism #japan https://t.co/u2CrfSNQrD",1893174509663834418,https://pbs.twimg.com/media/GkXnNAraoAEAHdD.jpg,reconinglittle,ja,,0,1,0,,1.435101769286054e+18,,0,1,0,地図をズームインすると観光地名が表示されます。 ヒートマップと観光地名を別々に表示できます。 zoom in on the map to see the names of tourist attractions you can display the heat map and the names of tourist attractions separately ＃overtourism,28,地図をズームインすると観光地名が表示されます。 ヒートマップと観光地名を別々に表示できます。 zoom in on the map to see the names of tourist attractions you can display the heat map and the names of tourist attractions separately ＃overtourism,Overtourism & Keramaian
1941829069013942363,Sun Jul 06 15:06:10 +0000 2025,1,"@yuahentaijp This is common sense. Some people think they can take pictures without permission. It is a problem here in America, but I know it is a bigger problem in Japan, that tourist sometime take pictures of geisha and it is disrespectful to take photos.",1941876331123196310,,yuahentaijp,en,,0,0,0,,3309436811.0,,0,0,1,this is common sense some people think they can take pictures without permission it is a problem here in america but i know it is a bigger problem in japan that tourist sometime take pictures of geisha and it is disrespectful to take photos,44,this is common sense some people think they can take pictures without permission it is a problem here in america but i know it is a bigger problem in japan that tourist sometime take pictures of geisha and it is disrespectful to take photos,Lain-lain
1893125032311759038,Sat Feb 22 02:25:54 +0000 2025,595,I’m really enjoying Japan but the disrespectful tourist problem is 10 times worse than when I was here last. Christ alive,1893125032311759038,,,en,,0,8,25,,9.624589898994729e+17,,0,0,0,i’m really enjoying japan but the disrespectful tourist problem is times worse than when i was here last christ alive,20,i’m really enjoying japan but the disrespectful tourist problem is times worse than when i was here last christ alive,Lain-lain
1916050219935973662,Sat Apr 26 08:42:25 +0000 2025,0,"This Popular Tourist Event in Japan Didn't Want Media Covering It. The iconic spot, struggling with overtourism, asked reporters and media to keep their cameras away this year. https://t.co/cPSCVao6QG",1916050219935973662,,,en,,0,0,0,,2485493953.0,,0,1,0,this popular tourist event in japan didnt want media covering it the iconic spot struggling with overtourism asked reporters and media to keep their cameras away this year,28,this popular tourist event in japan didnt want media covering it the iconic spot struggling with overtourism asked reporters and media to keep their cameras away this year,Overtourism & Keramaian
2020657135076720748,Mon Feb 09 07:24:56 +0000 2026,5,"@not2believe @TalismanGaruda1 Kejadian di Jepang itu belum seberapa. Glorifikasi agama memang tolol. Ibarat peler. Mau dia gede, berurat, bengkok dikit, dan kamu bangga. Nggak masalah. Yang jadi masalah kalo di-pamerin.

Tidak usah bicara geopolitik. Turis dari tiga itu dan US sering kelakuan kayak babi.",2020760813284544775,,not2believe,in,,0,1,0,,1.9695063468329697e+18,,0,0,2,kejadian di jepang itu belum seberapa glorifikasi agama memang tolol ibarat peler mau dia gede berurat bengkok dikit dan kamu bangga nggak masalah yang jadi masalah kalo dipamerin tidak usah bicara geopolitik turis dari tiga itu dan us sering kelakuan kayak babi,42,kejadian di jepang itu belum seberapa glorifikasi agama memang tolol ibarat peler mau dia gede berurat bengkok dikit dan kamu bangga nggak masalah yang jadi masalah kalau dipamerin tidak usah bicara geopolitik turis dari tiga itu dan us sering kelakuan seperti babi,Lain-lain
1841487743688687191,Thu Mar 26 12:47:22 +0000 2026,71,"Banyak kasus turis di Jepang yang nggak mau antre dan serobot sana-sini, bikin jelek nama negaranya sendiri. Hmmm...",1841487743689114500,,,in,,0,0,38,1.8414877436891146e+18,9206639122.0,user_9600,0,0,0,banyak kasus turis di jepang yang nggak mau antre dan serobot sanasini bikin jelek nama negaranya sendiri hmmm,18,banyak kasus turis di jepang yang nggak mau antre dan serobot sanasini membuat jelek nama negaranya sendiri hmmm,Overtourism & Keramaian
1921062094398476533,Sat May 10 04:37:49 +0000 2025,0,Kalah war Ghibli Museum 😔 Padahal udh war 1 bulan sebelum. Overtourism Jepang ternyata bener ya https://t.co/lrnAPzYcJs,1921062094398476533,https://pbs.twimg.com/media/Gqj7yKkWsAAuVQO.jpg,,in,,0,1,0,,120381745.0,,1,1,0,kalah war ghibli museum padahal udh war bulan sebelum overtourism jepang ternyata bener ya,14,kalah war ghibli museum padahal sudah war bulan sebelum overtourism jepang ternyata bener ya,Overtourism & Keramaian
1890879739130188207,Sun Feb 16 17:08:31 +0000 2025,1,"@IssaBreh getting called a tourist by a dude who probably has never even been to japan is kinda crazy, it's like those annoying music gatekeepers who will berate you for not being a real fan but instead of collecting megadeth vinyls or some shit they collect body pillows and hentai figures",1891172822032023824,,IssaBreh,en,,0,0,0,,1.6484662766821908e+18,,0,0,1,getting called a tourist by a dude who probably has never even been to japan is kinda crazy its like those annoying music gatekeepers who will berate you for not being a real fan but instead of collecting megadeth vinyls or some shit they collect body pillows and hentai figures,50,getting called a tourist by a dude who probably has never even been to japan is kinda crazy its like those annoying music gatekeepers who will berate you for not being a real fan but instead of collecting megadeth vinyls or some shit they collect body pillows and hentai figures,Lain-lain
143924678287822848,Tue Dec 06 05:28:11 +0000 2011,0,"Neymar Dilarang Makan Sushi di Jepang: ""Para pemain bukanlah turis, ini pekerjaan. Kami harus hati-hati dengan m... http://t.co/OTbiGm07",143924678287822848,,,in,,0,0,0,,76013765.0,,0,1,0,neymar dilarang makan sushi di jepang para pemain bukanlah turis ini pekerjaan kami harus hatihati dengan m,17,neymar dilarang makan sushi di jepang para pemain bukanlah turis ini pekerjaan kami harus hatihati dengan m,Regulasi & Kebijakan
2042237283634467111,Thu Apr 09 14:42:28 +0000 2026,475,"@dom_lucre It’s true though living in Japan. You can tell a Chinese tourist immediately how loud they speak, rude in large crowds just pushing through with their elbows. Communism killed an amazing culture it’s sad.",2042251805799919935,,dom_lucre,en,,2,6,12,,1.0047226478196654e+18,,0,0,1,it’s true though living in japan you can tell a chinese tourist immediately how loud they speak rude in large crowds just pushing through with their elbows communism killed an amazing culture it’s sad,34,it’s true though living in japan you can tell a chinese tourist immediately how loud they speak rude in large crowds just pushing through with their elbows communism killed an amazing culture it’s sad,Lain-lain
